# Alias OBJ Model File
# Exported from SketchUp, (c) 2000-2012 Trimble Navigation Limited
# File units = meters

mtllib hull.mtl

g Mesh1 hull1 Model

usemtl FrontColor
v -3.64068 -0.422171 -2.79021
vt -409.59 1.39425
vn -0.637854 -0.769944 -0.0181222
v -3.86667 -0.270023 -1.30036
vt -350.705 10.7815
v -3.82434 -0.270023 -2.79021
vt -409.385 10.7815
f 1/1/1 2/2/1 3/3/1

vt -350.592 13.6332
vn -0.672895 -0.739261 -0.0265708
vt -409.553 4.73818
v -3.67667 -0.442966 -1.30036
vt -350.887 3.52248
f 2/4/2 1/5/2 4/6/2

v -3.19173 -0.442966 -1.30036
vt -28.1758 350.767
vn -4.48873e-16 -0.999903 -0.0139559
vt -9.08363 350.767
vt -10.5004 409.429
v -3.24819 -0.422171 -2.79021
vt -25.9529 409.429
f 5/7/3 4/8/3 1/9/3 6/10/3 

vt 9.08363 -350.794
vn -8.95364e-16 -0.99998 0.00637919
vt 28.1758 -350.794
v -3.19173 -0.433822 0.133025
vt 28.1758 -294.361
v -3.19173 -0.430909 0.589605
vt 28.1758 -276.385
v -3.67667 -0.430909 0.589605
vt 9.08363 -276.385
v -3.67667 -0.433822 0.133025
vt 9.08363 -294.361
f 4/11/4 5/12/4 7/13/4 8/14/4 9/15/4 10/16/4 

vt 351.038 20.3595
vn 0.582777 -0.812615 0.00518393
v -2.96333 -0.270023 0.133025
vt 294.688 32.0424
vt 294.608 20.9772
f 5/17/5 11/18/5 7/19/5

vt 293.195 38.078
vn 0.67753 -0.735243 -0.0192495
vt 349.86 28.0327
v -3.00405 -0.270023 -1.30036
vt 349.65 38.078
f 11/20/6 5/21/6 12/22/6

vt 407.508 35.5404
vn 0.677218 -0.734905 -0.0359223
vt 348.425 44.3732
vt 348.817 34.3333
f 6/23/7 12/24/7 5/25/7

vt 349.65 40.4363
vn 0.601917 -0.798375 -0.0171012
vt 408.555 30.4886
v -3.04638 -0.270023 -2.79021
vt 408.329 40.4363
f 12/26/8 6/27/8 13/28/8

v -3.28697 -0.384621 -4.18723
vt 461.981 44.2874
vn 0.601567 -0.797911 -0.0381446
vt 406.491 51.7724
vt 406.994 41.8348
f 14/29/9 13/30/9 6/31/9

vt 408.329 42.9038
vn 0.495443 -0.868526 -0.0140761
vt 463.577 33.8011
v -3.08607 -0.270023 -4.18723
vt 463.352 42.9038
f 13/32/10 14/33/10 15/34/10

v -3.31367 -0.358759 -5.14936
vt 499.189 54.4369
vn 0.495152 -0.868015 -0.0370753
vt 460.747 61.4728
vt 461.338 52.3864
f 16/35/11 15/36/11 14/37/11

vt 455.003 73.9884
vn 0.706272 -0.700486 -0.102469
vt 493.776 69.0931
v -3.19253 -0.236618 -5.14936
vt 493.091 75.8312
f 15/38/12 16/39/12 17/40/12

v -3.39761 -0.298455 -6.64815
vt 556.864 55.7383
vn 0.708369 -0.702565 -0.0679419
vt 497.355 59.1594
vt 497.811 52.402
f 18/41/13 17/42/13 16/43/13

vt 495.178 36.5149
vn 0.939142 -0.323655 -0.115152
vt 554.729 33.9419
v -3.35837 -0.184582 -6.64815
vt 554.541 38.6801
f 17/44/14 18/45/14 19/46/14

v -3.40585 -0.270023 -7.07721
vt 576.898 20.7644
vn 0.944686 -0.325566 -0.0396968
vt 559.942 24.3221
vt 560.007 19.5806
f 20/47/15 19/48/15 18/49/15

vt 555.562 10.1726
vn 0.993934 0 -0.109978
vt 572.557 6.80878
v -3.40585 -0.169685 -7.07721
vt 572.557 10.7591
f 19/50/16 20/51/16 21/52/16

vn 0.993934 -6.87922e-15 -0.109978
v -3.42233 -0.252844 -7.22622
vt 578.46 7.48511
v -3.42978 -0.209523 -7.29347
vt 581.124 9.19067
v -3.43138 -0.161673 -7.30798
vt 581.698 11.0745
f 20/51/17 22/53/17 23/54/17 24/55/17 21/52/17 

v -3.46488 -0.270023 -7.07721
vt -17.4219 575.212
vn -2.63596e-14 -0.99342 -0.114525
v -3.44839 -0.252844 -7.22622
vt -18.0711 581.117
vt -19.0968 581.117
vt -19.7459 575.212
f 25/56/18 26/57/18 22/58/18 20/59/18 

v -3.46526 -0.169804 -7.07377
vt -576.509 10.7544
vn -0.993934 -3.00606e-13 -0.109978
v -3.43934 -0.161673 -7.30798
vt -585.786 11.0745
v -3.44095 -0.209523 -7.29347
vt -585.211 9.19067
vt -582.547 7.48511
vt -576.645 6.80878
f 27/60/19 28/61/19 29/62/19 26/63/19 25/64/19 

v -3.78465 -0.270023 -4.18723
vt -462.172 6.80878
vn -0.993934 5.05783e-14 -0.109978
v -3.78465 0.5838 -4.18723
vt -462.172 40.4239
v -3.77383 0.580142 -4.28497
vt -466.043 40.2798
v -3.60695 0.523689 -5.79317
vt -525.784 38.0573
v -3.53194 0.498314 -6.47109
vt -552.636 37.0583
v -3.50457 0.489055 -6.71846
vt -562.435 36.6937
v -3.49055 0.484311 -6.84519
vt -567.455 36.507
v -3.48067 0.48097 -6.93444
vt -570.99 36.3754
v -3.4621 0.282426 -7.10231
vt -577.639 28.5587
v -3.44744 0.0244578 -7.2348
vt -582.887 18.4025
v -3.51235 -0.184582 -6.64815
vt -559.65 10.1726
v -3.67819 -0.236618 -5.14936
vt -500.282 8.12391
f 30/65/20 31/66/20 32/67/20 33/68/20 34/69/20 35/70/20 36/71/20 37/72/20 38/73/20 39/74/20 28/61/20 27/60/20 40/75/20 41/76/20 

v -3.90739 -0.270023 0.133025
vt -294.25 6.80878
vn -0.999597 3.04405e-15 -0.0283997
v -3.90739 0.5838 0.133025
vt -294.25 40.4239
v -3.82171 0.5838 -2.88274
vt -413.029 40.4239
vt -464.408 40.4239
vt -464.408 6.80878
vt -409.385 6.80878
vt -350.705 6.80878
f 42/77/21 43/78/21 44/79/21 31/80/21 30/81/21 3/82/21 2/83/21 

v -3.8499 -0.270023 3.69921
vt -153.912 6.80878
vn -0.99987 3.58458e-15 0.0161181
v -3.8499 0.5838 3.69921
vt -153.912 40.4239
v -3.87975 0.5838 1.84752
vt -226.822 40.4239
vt -294.331 40.4239
vt -294.331 6.80878
v -3.90003 -0.270023 0.589605
vt -276.353 6.80878
v -3.86586 -0.270023 2.70959
vt -192.878 6.80878
f 45/84/22 46/85/22 47/86/22 43/87/22 42/88/22 48/89/22 49/90/22 

v -3.74089 -0.108096 7.55814
vt -1.856 13.1838
vn -0.999601 -1.93637e-14 0.0282389
v -3.73942 0.0640368 7.61
vt 0.186742 19.9607
v -3.73942 0.125206 7.61
vt 0.186742 22.369
v -3.7419 0.169964 7.52251
vt -3.25908 24.1311
v -3.74984 0.240202 7.24115
vt -14.3409 26.8964
v -3.76249 0.383214 6.79343
vt -31.9744 32.5268
v -3.76412 0.465009 6.7359
vt -34.2403 35.7471
v -3.76412 0.535009 6.7359
vt -34.2403 38.503
v -3.76278 0.599481 6.78327
vt -32.3747 41.0412
v -3.7718 0.597857 6.46397
vt -44.9507 40.9773
v -3.81982 0.589214 4.76397
vt -111.907 40.637
vt -153.843 40.4239
vt -153.843 6.80878
v -3.83436 -0.246941 4.24927
vt -132.178 7.7175
v -3.80613 -0.205008 5.24859
vt -92.8191 9.36841
v -3.77988 -0.166019 6.17775
vt -56.2236 10.9034
f 50/91/23 51/92/23 52/93/23 53/94/23 54/95/23 55/96/23 56/97/23 57/98/23 58/99/23 59/100/23 60/101/23 46/102/23 45/103/23 61/104/23 62/105/23 63/106/23 

v -3.12983 -0.108096 7.55814
vt 30.6126 12.0342
vn -5.03904e-15 -0.288496 0.957481
v -3.1313 0.0640368 7.61
vt 30.5549 19.112
vt 6.61293 19.112
vt 6.55524 12.0342
f 64/107/24 65/108/24 51/109/24 50/110/24 

v -3.02082 -0.270023 3.69921
vt 154.892 6.80878
vn 0.999601 -9.45779e-16 0.0282389
v -3.02082 0.5838 3.69921
vt 154.892 40.4239
v -3.0509 0.589214 4.76397
vt 112.956 40.637
v -3.09892 0.597857 6.46397
vt 46.0003 40.9773
v -3.10794 0.599481 6.78327
vt 33.4243 41.0412
v -3.1066 0.535009 6.7359
vt 35.2898 38.503
v -3.1066 0.465009 6.7359
vt 35.2898 35.7471
v -3.10823 0.383214 6.79343
vt 33.024 32.5268
v -3.12088 0.240202 7.24115
vt 15.3905 26.8964
v -3.12883 0.169964 7.52251
vt 4.30866 24.1311
v -3.1313 0.125206 7.61
vt 0.862838 22.369
vt 0.862838 19.9607
vt 2.90558 13.1838
v -3.09084 -0.166019 6.17775
vt 57.2732 10.9034
v -3.06459 -0.205008 5.24859
vt 93.8687 9.36841
v -3.03636 -0.246941 4.24927
vt 133.228 7.7175
f 66/111/25 67/112/25 68/113/25 69/114/25 70/115/25 71/116/25 72/117/25 73/118/25 74/119/25 75/120/25 76/121/25 65/122/25 64/123/25 77/124/25 78/125/25 79/126/25 

vt 294.93 6.80878
vn 0.99987 -1.90338e-16 0.0161181
v -2.96333 0.5838 0.133025
vt 294.93 40.4239
v -2.99097 0.5838 1.84752
vt 227.421 40.4239
vt 154.511 40.4239
vt 154.511 6.80878
v -3.00486 -0.270023 2.70959
vt 193.477 6.80878
v -2.97069 -0.270023 0.589605
vt 276.952 6.80878
f 11/127/26 80/128/26 81/129/26 67/130/26 66/131/26 82/132/26 83/133/26 

vt 463.352 6.80878
vn 0.999597 2.2693e-16 -0.0283997
v -3.08607 0.5838 -4.18723
vt 463.352 40.4239
v -3.04901 0.5838 -2.88274
vt 411.973 40.4239
vt 293.195 40.4239
vt 293.195 6.80878
vt 349.65 6.80878
vt 408.329 6.80878
f 15/134/27 84/135/27 85/136/27 80/137/27 11/138/27 12/139/27 13/140/27 

vn 0.993934 -1.62857e-16 -0.109978
v -3.42328 0.0244578 -7.2348
vt 578.8 18.4025
v -3.40862 0.282426 -7.10231
vt 573.552 28.5587
v -3.39005 0.48097 -6.93444
vt 566.902 36.3754
v -3.3781 0.485013 -6.82645
vt 562.625 36.5346
v -3.36615 0.489055 -6.71846
vt 558.347 36.6937
v -3.33878 0.498314 -6.47109
vt 548.549 37.0583
v -3.26377 0.523689 -5.79317
vt 521.696 38.0573
v -3.09689 0.580142 -4.28497
vt 461.956 40.2798
vt 458.084 40.4239
vt 458.084 6.80878
vt 496.195 8.12391
f 24/55/28 86/141/28 87/142/28 88/143/28 89/144/28 90/145/28 91/146/28 92/147/28 93/148/28 84/149/28 15/150/28 17/151/28 19/50/28 21/52/28 

vt -18.4272 -204.596
vn 3.39328e-13 0.365903 -0.930653
vt -18.1084 -196.722
vt -19.0594 -196.722
vt -18.7406 -204.596
f 28/152/29 39/153/29 86/154/29 24/155/29 

vt -18.1084 -250.63
vn 1.63196e-13 0.456846 -0.889546
vt -17.5313 -239.212
vt -19.6366 -239.212
vt -19.0594 -250.63
f 39/156/30 38/157/30 87/158/30 86/159/30 

vt -17.5313 -352.169
vn 6.10826e-14 0.645651 -0.763632
vt -16.8 -341.933
vt -20.3678 -341.933
vt -19.6366 -352.169
f 38/160/31 37/161/31 88/162/31 87/163/31 

v -3.4648 0.552034 -6.82559
vt -17.4248 -454.486
vn 4.43786e-14 0.837365 -0.546644
v -3.38707 0.552034 -6.82559
vt -20.4851 -454.486
vt -20.3678 -459.604
vt -16.8 -459.604
f 94/164/32 95/165/32 88/166/32 37/167/32 

v -3.4648 0.577006 -6.71846
vt -17.4248 -540.268
vn 2.59075e-14 0.973891 -0.227017
v -3.38707 0.577006 -6.71846
vt -20.4851 -540.268
vt -20.4851 -544.599
vt -17.4248 -544.599
f 96/168/33 97/169/33 95/170/33 94/171/33 

v -3.48365 0.61317 -6.47109
vt -16.6827 -542.528
vn 7.85109e-15 0.989482 -0.144655
v -3.43536 0.61317 -6.47109
vt -18.5839 -542.528
v -3.38707 0.61317 -6.47109
vt -20.4851 -542.528
vt -20.4851 -552.37
vt -17.4248 -552.37
f 98/172/34 99/173/34 100/174/34 97/175/34 96/176/34 

v -3.53604 0.666398 -5.79317
vt -14.6201 -522.646
vn 6.68157e-15 0.996932 -0.0782769
v -3.34106 0.666398 -5.79317
vt -22.2964 -522.646
vt -20.4851 -549.418
vt -18.5839 -549.418
vt -16.6827 -549.418
f 101/177/35 102/178/35 100/179/35 99/180/35 98/181/35 

vt -22.2964 -524.931
vn 3.49572e-15 0.998813 -0.0487028
vt -14.6201 -524.931
v -3.65982 0.739939 -4.28497
vt -9.74675 -465.482
v -3.21488 0.739939 -4.28497
vt -27.2644 -465.482
f 102/182/36 101/183/36 103/184/36 104/185/36 

vt -525.978 14.6205
vn -0.891507 0.442983 -0.0947689
vt -466.712 24.1169
vt -526.273 20.8874
f 33/186/37 103/187/37 101/188/37

vt -465.276 6.8213
vn -0.809008 0.577198 -0.111121
vt -524.385 -3.60455
vt -464.665 -0.882827
f 103/189/38 33/190/38 32/191/38

vt -468.318 30.4257
vn -0.813943 0.580719 -0.0162227
v -3.65982 0.74267 -4.18723
vt -464.56 38.2855
vt -468.407 38.1534
f 32/192/39 105/193/39 103/194/39

vt -461.32 3.20563
vn -0.781598 0.614102 -0.109469
vt -464.508 -4.90194
vt -460.639 -4.71945
f 105/195/40 32/196/40 31/197/40

vt -464.452 28.4777
vn -0.786206 0.617723 -0.0172565
v -3.65982 0.779111 -2.88274
vt -413.214 38.2558
vt -464.56 36.4313
f 31/198/41 106/199/41 105/200/41

vt -413.21 35.78
vn -0.769727 0.637998 -0.0218689
vt -464.408 25.7942
vt -413.029 25.7942
f 106/201/42 31/202/42 44/203/42

vt -413.1 33.2755
vn -0.769912 0.638151 5.04057e-18
v -3.65982 0.779111 0.133025
vt -294.369 43.2629
vt -413.1 43.2629
f 44/204/43 107/205/43 106/206/43

vt -294.527 30.8931
vn -0.619281 0.784972 -0.0175945
vt -413.029 18.4815
vt -294.25 18.4815
f 107/207/44 44/208/44 43/209/44

vt -294.369 25.0376
vn -0.619377 0.785094 9.89804e-18
v -3.65982 0.779111 1.84752
vt -226.869 37.4524
vt -294.369 37.4524
f 43/210/45 108/211/45 107/212/45

vt -226.683 41.9709
vn -0.663981 0.747673 0.0107035
vt -294.331 30.3916
vt -226.822 30.3916
f 108/213/46 43/214/46 47/215/46

vt -226.802 31.0455
vn -0.66396 0.74765 0.0132607
v -3.65982 0.746269 3.69921
vt -153.743 40.6773
vt -226.629 42.6244
f 47/216/47 109/217/47 108/218/47

vt -153.791 39.7173
vn -0.649702 0.760117 0.0104734
vt -226.822 29.8734
vt -153.912 29.8734
f 109/219/48 47/220/48 46/221/48

vt -153.888 30.416
vn -0.649679 0.760089 0.0134813
v -3.65982 0.727384 4.76397
vt -111.822 39.1152
vt -153.733 40.2594
f 46/222/49 110/223/49 109/224/49

vt -111.803 39.3895
vn -0.653518 0.75677 0.0146144
vt -153.879 30.7417
vt -111.943 31.0678
f 110/225/50 46/226/50 60/227/50

vt -112.049 29.1691
vn -0.653588 0.756851 5.80896e-18
v -3.65982 0.727384 6.46397
vt -45.1194 37.492
vt -112.049 37.492
f 60/228/51 111/229/51 110/230/51

vt -44.8741 41.9365
vn -0.75638 0.653884 0.0180433
vt -111.934 34.7467
vt -44.9793 35.1964
f 111/231/52 60/232/52 59/233/52

vt -45.1194 34.4906
vn -0.756503 0.65399 -0
v -3.65982 0.727384 6.78327
vt -32.5485 41.2315
vt -45.1194 41.2315
f 59/234/53 112/235/53 111/236/53

vt -32.3036 42.4989
vn -0.778851 0.626927 0.0188152
vt -44.9773 35.9534
vt -32.4015 36.0354
f 112/237/54 59/238/54 58/239/54

vt -32.5485 35.5406
vn -0.778989 0.627038 1.16003e-16
v -3.65982 0.727384 6.90397
vt -27.7966 42.0049
vt -32.5485 42.0049
f 58/240/55 113/241/55 112/242/55

vt -32.8582 33.2974
vn -0.753954 0.654949 -0.0509313
v -3.69457 0.687384 6.90397
vt -28.2981 37.8771
vt -28.3903 39.961
f 58/243/56 114/244/56 113/245/56

v -3.19173 0.687384 6.90397
vt 28.1758 3.72946
vn -4.23943e-16 -0.808345 0.588709
vt 8.37874 3.72946
vt 5.69343 -2.1491
vt 31.4744 -2.1491
f 115/246/57 114/247/57 58/248/57 70/249/57 

v -3.21817 0.727384 6.90397
vt 27.1349 46.0768
vn 0 0 1
vt 9.74675 46.0768
vt 8.37874 44.502
vt 28.1758 44.502
f 116/250/58 113/251/58 114/252/58 115/253/58 

vt 9.74675 27.7966
vn 0 1 -0
vt 27.1349 27.7966
v -3.21817 0.727384 6.78327
vt 27.1349 32.5485
v -3.21817 0.727384 6.46397
vt 27.1349 45.1194
vt 9.74675 45.1194
vt 9.74675 32.5485
f 113/254/59 116/255/59 117/256/59 118/257/59 111/258/59 112/259/59 

vt 31.4744 7.51018
vn -2.31829e-18 -0.686325 0.727295
vt 27.1349 14.4339
vt 9.74675 14.4339
vt 5.69343 7.51018
f 70/260/60 116/261/60 113/262/60 58/263/60 

vt 33.0523 25.5511
vn 0.821395 0.542916 0.174791
vt 38.3867 21.4301
vt 32.8356 27.4264
f 115/264/61 70/265/61 116/266/61

vt 27.7966 17.19
vn 0.757518 0.652814 1.12806e-16
vt 32.5485 10.5425
vt 32.5485 17.19
f 116/267/62 70/268/62 117/269/62

vt 45.8661 10.9781
vn 0.757395 0.652707 0.018078
vt 33.1867 17.7091
vt 33.2903 11.0624
f 69/270/63 117/271/63 70/272/63

vt 32.5485 15.5203
vn 0.735704 0.677303 -6.10588e-17
vt 45.1194 8.5889
vt 45.1194 15.5203
f 117/273/64 69/274/64 118/275/64

vt 112.812 8.85946
vn 0.735594 0.677201 0.0173376
vt 45.7463 16.2525
vt 45.8569 9.32193
f 68/276/65 118/277/65 69/278/65

vt 45.1194 8.42368
vn 0.636855 0.770983 -0
vt 112.049 -0.117922
v -3.21817 0.727384 4.76397
vt 112.049 8.42368
f 118/279/66 68/280/66 119/281/66

vt 154.702 1.46822
vn 0.636792 0.770907 0.01407
vt 112.621 10.3432
vt 112.766 1.80284
f 67/282/67 119/283/67 68/284/67

vt 113.086 15.2476
vn 0.684676 0.728282 0.0286931
vt 155.295 6.99856
v -3.19363 0.746269 3.69921
vt 155.01 16.3326
f 119/285/68 67/286/68 120/287/68

vt 227.421 4.07259
vn 0.684917 0.728538 0.011041
vt 154.401 13.4103
vt 154.511 4.07259
f 81/288/69 120/289/69 67/290/69

vt 154.915 22.103
vn 0.773242 0.633445 0.0290518
vt 228.064 13.8366
v -3.15097 0.779111 1.84752
vt 227.827 23.774
f 120/291/70 81/292/70 121/293/70

vt 294.93 10.73
vn 0.773509 0.633663 0.0124691
vt 227.32 20.6696
vt 227.421 10.73
f 80/294/71 121/295/71 81/296/71

vt 226.869 14.064
vn 0.72113 0.6928 -7.30372e-18
vt 294.369 3.40099
v -3.15097 0.779111 0.133025
vt 294.369 14.064
f 121/297/72 80/298/72 122/299/72

vt 411.973 -2.36817
vn 0.720979 0.692654 -0.0204839
vt 293.405 8.29277
vt 293.195 -2.36817
f 85/300/73 122/301/73 80/302/73

vt 294.369 28.8702
vn 0.886482 0.462763 -5.80375e-18
vt 413.1 20.1962
v -3.15097 0.779111 -2.88274
vt 413.1 28.8702
f 122/303/74 85/304/74 123/305/74

vt 463.352 14.7831
vn 0.886201 0.462616 -0.025178
vt 412.087 23.4565
vt 411.973 14.7831
f 84/306/75 123/307/75 85/308/75

vt 410.16 2.52317
vn 0.786357 0.615491 -0.0530336
vt 461.229 -7.23318
v -3.21042 0.74267 -4.18723
vt 461.559 0.702793
f 123/309/76 84/310/76 124/311/76

vt 459.364 -27.2896
vn 0.782727 0.61265 -0.10954
vt 456.172 -19.1936
vt 455.494 -27.1073
f 93/312/77 124/313/77 84/314/77

vt 461.631 3.14116
vn 0.803331 0.593153 -0.0531831
vt 465.175 -4.80667
vt 465.482 3.00765
f 124/315/78 93/316/78 104/317/78

vt 519.239 -26.7733
vn 0.799537 0.590352 -0.110565
vt 460.156 -16.2253
vt 459.52 -24.0197
f 92/318/79 104/319/79 93/320/79

vt 462.511 3.86929
vn 0.875217 0.474039 -0.0963415
vt 521.743 -5.79994
vt 522.076 0.581032
f 104/321/80 92/322/80 102/323/80

vt 546.776 -11.9031
vn 0.873538 0.47313 -0.114366
vt 520.324 -4.39171
vt 519.929 -10.7691
f 91/324/81 102/325/81 92/326/81

vt 522.782 11.292
vn 0.917875 0.385918 -0.0925928
vt 549.327 4.11882
vt 549.518 9.02041
f 102/327/82 91/328/82 100/329/82

vt 556.988 -1.50404
vn 0.915641 0.384979 -0.115725
vt 547.43 3.79045
vt 547.191 -1.10906
f 90/330/83 100/331/83 91/332/83

vt 553.327 31.2629
vn 0.972303 0.231265 -0.0338092
vt 563.031 26.2404
vt 563.06 29.7995
f 100/333/84 90/334/84 97/335/84

vt 561.872 15.2931
vn 0.966345 0.229848 -0.115529
vt 557.692 19.0146
vt 557.594 15.4567
f 89/336/85 97/337/85 90/338/85

vt 563.196 34.7304
vn 0.990633 0.132985 -0.0309993
vt 567.434 31.0762
vt 567.411 33.7385
f 97/339/86 89/340/86 95/341/86

vt 562.208 27.4086
vn 0.984515 0.133236 -0.113923
vt 562.202 24.7462
vt 566.479 24.5856
f 95/342/87 89/343/87 88/344/87

vn -9.53552e-16 0.837365 -0.546644
v -3.378 0.552034 -6.82559
vt -20.8421 -454.486
f 95/165/88 125/345/88 88/166/88

vt -9.74675 -411.595
vn 1.55592e-15 0.99961 -0.0279247
vt -29.7805 -411.595
vt -27.4398 -462.973
vt -27.2644 -466.823
vt -9.74675 -466.823
vt -9.74675 -462.973
f 106/346/89 123/347/89 124/348/89 104/349/89 103/350/89 105/351/89 

vt 9.74675 226.869
vt 29.7805 226.869
vt 29.7805 294.369
vt 29.7805 413.1
vt 9.74675 413.1
vt 9.74675 294.369
f 108/352/59 121/353/59 122/354/59 123/355/59 106/356/59 107/357/59 

vt 29.7805 227.687
vn 3.13656e-18 0.999843 0.0177337
vt 9.74675 227.687
vt 9.74675 154.774
vt 9.74675 112.848
vt 27.1349 112.848
vt 28.1008 154.774
f 121/358/90 108/359/90 109/360/90 110/361/90 119/362/90 120/363/90 

vt 27.1349 112.049
vt 9.74675 112.049
f 119/364/59 110/365/59 111/258/59 118/257/59 

vt 5.69343 13.8038
vn 1.51391e-18 -0.592065 0.80589
vt 5.64075 10.6542
vt 31.5271 10.6542
vt 31.4744 13.8038
f 58/366/91 57/367/91 71/368/91 70/369/91 

vt 5.64075 38.503
vt 5.64075 35.7471
vt 31.5271 35.7471
vt 31.5271 38.503
f 57/370/58 56/371/58 72/372/58 71/373/58 

vt 5.64075 49.0369
vn 1.68398e-18 0.575287 0.817952
vt 5.70473 45.0999
vt 31.4631 45.0999
vt 31.5271 49.0369
f 56/374/92 55/375/92 73/376/92 72/377/92 

vt 5.70473 40.5213
vn 2.70183e-16 0.952582 0.304282
vt 6.20268 22.0173
vt 30.9652 22.0173
vt 31.4631 40.5213
f 55/378/93 54/379/93 74/380/93 73/381/93 

vt 6.20268 20.6037
vn 1.47001e-15 0.970227 0.242198
vt 6.51562 9.1864
vt 30.6522 9.1864
vt 30.9652 20.6037
f 54/382/94 53/383/94 75/384/94 74/385/94 

vt 6.51562 14.057
vn 1.49255e-16 0.890262 0.455449
vt 6.61293 10.1879
vt 30.5549 10.1879
vt 30.6522 14.057
f 53/386/95 52/387/95 76/388/95 75/389/95 

vt 6.61293 22.369
vn -9.49686e-15 1.48495e-27 1
vt 6.61293 19.9607
vt 30.5549 19.9607
vt 30.5549 22.369
f 52/390/96 51/391/96 65/392/96 76/393/96 

vt -525.205 15.6874
vn -0.889599 0.442034 -0.114979
vt -551.695 8.31
vt -524.847 9.42372
f 101/394/97 34/395/97 33/396/97

vt -552.653 16.423
vn -0.917107 0.385595 -0.101152
vt -526.106 23.5951
vt -552.861 21.3239
f 34/397/98 101/398/98 98/399/98

vt -552.09 17.9863
vn -0.915641 0.384979 -0.115725
vt -561.649 12.6919
vt -551.852 13.0868
f 98/400/99 35/401/99 34/402/99

vt -560.721 7.43449
vn -0.903617 0.408586 -0.128586
vt -551.195 12.7882
vt -560.941 11.2282
f 35/403/100 98/404/100 96/405/100

vt -561.782 14.498
vn -0.905087 0.40925 -0.115466
vt -566.604 10.4983
vt -561.584 10.703
f 96/406/101 36/407/101 35/408/101

vt -568.102 19.7249
vn -0.922443 0.376053 -0.0876589
vt -563.231 23.6634
vt -567.43 22.6024
f 36/409/102 96/410/102 94/411/102

vt -566.676 12.7241
vn -0.916858 0.382063 -0.11575
vt -566.037 15.6092
vt -570.211 12.5818
f 36/412/103 94/413/103 37/414/103

vt -18.364 179.004
vn 7.79127e-13 -0.290087 -0.957
vt -18.4272 180.973
vt -18.7406 180.973
vt -18.8038 179.004
f 29/415/104 28/416/104 24/417/104 23/418/104 

vt -18.0711 495.104
vn 8.09808e-14 -0.840692 -0.541514
vt -18.364 498.254
vt -18.8038 498.254
vt -19.0968 495.104
f 26/419/105 29/420/105 23/421/105 22/422/105 

vt 154.511 29.4079
vn 0.632857 -0.774202 0.0102018
v -3.19173 -0.422771 2.70959
vt 193.359 19.9066
vt 193.477 29.4079
f 66/423/106 126/424/106 82/425/106

vt 193.605 18.7272
vn 0.6127 -0.79015 0.0161446
vt 154.834 28.5389
v -3.19173 -0.402551 3.69921
vt 154.657 20.026
f 126/426/107 66/427/107 127/428/107

vt 134.681 23.1412
vn 0.612001 -0.789249 0.0504072
vt 155.761 13.1646
vt 156.314 21.6614
f 79/429/108 127/430/108 66/431/108

vt 154.55 19.2372
vn 0.68062 -0.732484 0.0149664
vt 133.034 28.2362
v -3.19173 -0.391312 4.24927
vt 132.9 19.8871
f 127/432/109 79/433/109 128/434/109

vt 95.1485 25.6183
vn 0.679848 -0.731653 0.0499071
vt 134.02 14.8584
vt 134.468 23.1965
f 78/435/110 128/436/110 79/437/110

vt 133.127 17.1096
vn 0.761765 -0.647417 0.023781
vt 93.9588 26.7336
v -3.19173 -0.354604 5.24859
vt 93.8026 19.0058
f 128/438/111 78/439/111 129/440/111

vt 58.3235 26.7409
vn 0.761079 -0.646833 0.0486427
vt 94.5766 17.0054
vt 94.8958 24.7281
f 77/441/112 129/442/112 78/443/112

vt 93.7435 17.1652
vn 0.827727 -0.560621 0.0239078
vt 57.2925 26.1314
v -3.19173 -0.31498 6.17775
vt 57.1778 19.0491
f 129/444/113 77/445/113 130/446/113

vt 3.77072 27.9772
vn 0.827054 -0.560165 0.0468698
vt 57.8917 18.1447
vt 58.1164 25.2243
f 64/447/114 130/448/114 77/449/114

vt 6.55524 -0.0652802
vn -5.6645e-16 -0.988955 0.148219
v -3.67667 -0.31498 6.17775
vt 9.08363 -55.0182
vt 28.1758 -55.0182
vt 30.6126 -0.0652802
f 50/450/115 131/451/115 130/452/115 64/453/115 

vt 55.1741 -6.77841
vn 0.708296 0.702204 -0.0722896
vt 1.3658 4.66166
v -3.64068 -0.212407 7.52671
vt 2.19623 -1.10643
f 131/454/116 50/455/116 132/456/116

vt -55.7755 -2.85145
vn -0.821048 -0.568915 0.0470673
vt -1.66341 7.05259
vt -56.0081 4.27968
f 131/457/117 50/458/117 63/459/117

vt -56.2149 5.15811
vn -0.821717 -0.569378 0.0242812
v -3.67667 -0.354604 5.24859
vt -92.6599 -3.87343
vt -56.0949 -1.9758
f 63/460/118 133/461/118 131/462/118

vt -92.1903 -7.2073
vn -0.75525 -0.65362 0.0487628
vt -55.9472 2.60293
vt -92.5187 0.574732
f 133/463/119 63/464/119 62/465/119

vt -92.7951 2.54626
vn -0.755932 -0.654209 0.0240305
v -3.67667 -0.391312 4.24927
vt -131.957 -7.15184
vt -92.6332 -5.24102
f 62/466/120 134/467/120 133/468/120

vt -131.28 -12.4994
vn -0.674411 -0.736664 0.0499638
vt -92.4201 -1.65322
vt -131.738 -4.09446
f 134/469/121 62/470/121 61/471/121

vt -132.215 0.91483
vn -0.675177 -0.737501 0.0150689
v -3.67667 -0.402551 3.69921
vt -153.727 -8.15662
vt -132.077 -7.50143
f 61/472/122 135/473/122 134/474/122

vt -152.687 -16.3262
vn -0.606831 -0.793229 0.0504282
vt -131.62 -6.2652
vt -153.252 -7.75753
f 135/475/123 61/476/123 45/477/123

vt -153.853 -0.923269
vn -0.607525 -0.794135 0.0162261
v -3.67667 -0.422771 2.70959
vt -192.618 -10.8185
vt -153.671 -9.50858
f 45/478/124 136/479/124 135/480/124

vt -192.758 -8.9862
vn -0.62816 -0.778018 0.0101261
vt -153.912 0.586109
vt -192.878 0.586109
f 136/481/125 45/482/125 49/483/125

vt -192.92 2.29129
vn -0.628189 -0.778055 0.00298669
vt -276.347 -7.79172
vt -192.884 -7.2817
f 49/484/126 9/485/126 136/486/126

vt -276.211 -10.7066
vn -0.584433 -0.811387 0.0094212
vt -192.878 0.130016
vt -276.353 0.130016
f 9/487/127 49/488/127 48/489/127

vt -276.38 1.75825
vn -0.584451 -0.811413 0.00517626
vt -294.277 -9.27523
vt -276.302 -9.07904
f 48/490/128 10/491/128 9/492/128

vt -294.184 -11.0658
vn -0.578861 -0.815373 0.00933138
vt -276.353 0.073168
vt -294.331 0.073168
f 10/493/129 48/494/129 42/495/129

vt -294.357 1.78487
vn -0.578879 -0.815397 0.00520168
vt -350.706 -9.97668
vt -294.276 -9.35481
f 42/496/130 4/497/130 10/498/130

vt -350.918 0.652665
vn -0.673009 -0.739387 -0.019121
vt -294.25 10.7655
vt -350.705 10.7655
f 4/499/131 42/500/131 2/501/131

vt 9.08363 -276.39
vn -7.9048e-16 -0.999993 0.00383863
vt 28.1758 -276.39
vt 28.1758 -192.925
vt 9.08363 -192.925
f 9/502/132 8/503/132 126/504/132 136/505/132 

vt 276.523 21.11
vn 0.632887 -0.774238 0.00297204
vt 193.094 31.1182
vt 193.06 21.6163
f 8/506/133 82/507/133 126/508/133

vt 193.477 30.2165
vn 0.588459 -0.808472 0.0094861
vt 276.812 19.454
vt 276.952 30.2165
f 82/509/134 8/510/134 83/511/134

vt 294.605 20.9052
vn 0.588477 -0.808497 0.00515766
vt 276.706 31.8632
vt 276.63 21.1
f 7/512/135 83/513/135 8/514/135

vt 276.952 30.3112
vn 0.58276 -0.81259 0.00939422
vt 294.785 19.2467
vt 294.93 30.3112
f 83/515/136 7/516/136 11/517/136

vt 9.08363 -192.873
vn -7.45455e-16 -0.999791 0.0204281
vt 28.1758 -192.873
vt 28.1758 -153.904
vt 28.1758 -132.243
vt 9.08363 -132.243
vt 9.08363 -153.904
f 136/518/137 126/519/137 127/520/137 128/521/137 134/522/137 135/523/137 

vt 28.1758 -92.7784
vn -7.45108e-16 -0.999326 0.0367074
vt 9.08363 -92.7784
vt 9.08363 -132.148
vt 28.1758 -132.148
f 129/524/138 133/525/138 134/526/138 128/527/138 

vt 28.1758 -56.1219
vn -1.11497e-15 -0.999092 0.0426065
vt 9.08363 -56.1219
vt 9.08363 -92.7361
vt 28.1758 -92.7361
f 130/528/139 131/529/139 133/530/139 129/531/139 

v -3.24819 -0.212407 7.52671
vt 25.9529 -2.58165
vn -1.91226e-15 -0.997122 0.07582
vt 10.5004 -2.58165
vt 9.08363 -55.8435
vt 28.1758 -55.8435
f 137/532/140 132/533/140 131/534/140 130/535/140 

vt 10.5004 7.74509
vn 3.80837e-15 -0.288496 0.957481
vt 25.9529 7.74509
f 132/536/141 137/537/141 64/107/141 50/110/141 

vt 59.5727 18.9134
vn 0.646052 -0.758577 0.0847226
vt 6.00502 31.4138
vt 6.62602 25.1111
f 130/538/142 64/539/142 137/540/142

v -3.59034 -0.384621 -4.18723
vt -464.625 1.78132
vn -0.507943 -0.86127 -0.0144313
vt -409.385 10.6601
vt -464.408 10.6601
f 138/541/143 3/542/143 30/543/143

vt -408.724 23.3629
vn -0.637351 -0.769337 -0.0436485
vt -464.225 16.3006
vt -409.218 13.9864
f 3/544/144 138/545/144 1/546/144

vt -25.9529 409.331
vn -1.54785e-16 -0.999639 -0.0268695
vt -10.5004 409.331
vt -12.4825 464.352
v -3.55566 -0.358759 -5.14936
vt -13.8476 502.245
vt -23.3748 502.245
vt -24.4262 464.352
f 6/547/145 1/548/145 138/549/145 139/550/145 16/551/145 14/552/145 

vt -463.312 31.8375
vn -0.50756 -0.86062 -0.0414247
vt -501.799 24.9773
vt -463.934 22.9779
f 30/553/146 139/554/146 138/555/146

vt -499.098 43.6477
vn -0.702293 -0.704518 -0.102168
vt -460.315 48.5704
vt -498.403 50.4235
f 139/556/147 30/557/147 41/558/147

vt -500.842 33.846
vn -0.704321 -0.706552 -0.0686724
v -3.47002 -0.298455 -6.64815
vt -560.366 30.4057
vt -501.31 27.0508
f 41/559/148 140/560/148 139/561/148

vt -559.22 23.2463
vn -0.931118 -0.346099 -0.115044
vt -499.653 25.8412
vt -559.015 28.0248
f 140/562/149 41/563/149 40/564/149

vt -561.537 11.279
vn -0.936789 -0.348207 -0.0343143
vt -578.487 7.69061
vt -561.598 6.4965
f 40/565/150 25/566/150 140/567/150

vn -0.993934 -3.15266e-13 -0.109978
f 25/64/151 40/75/151 27/60/151

vt -17.4219 577.421
vn -1.78163e-14 -0.997812 -0.0661214
vt -19.7459 577.421
vt -20.07 560.492
vt -17.2192 560.492
f 25/568/152 20/569/152 18/570/152 140/571/152 

vt -23.3748 502.064
vn -5.80946e-16 -0.999192 -0.040203
vt -13.8476 502.064
vt -17.2192 561.119
vt -20.07 561.119
f 16/572/153 139/573/153 140/574/153 18/575/153 

g Mesh2 hull1 Model

v 3.85362 0.584838 3.69921
vt 158.873 40.4647
vn 0.99987 3.58458e-15 0.0161181
v 3.85362 -0.268985 3.69921
vt 158.873 6.84965
v 3.86958 -0.268985 2.70959
vt 197.84 6.84965
v 3.90375 -0.268985 0.589605
vt 281.314 6.84965
v 3.91111 -0.268985 0.133025
vt 299.292 6.84965
v 3.91111 0.584838 0.133025
vt 299.292 40.4647
v 3.88347 0.584838 1.84752
vt 231.784 40.4647
f 141/576/154 142/577/154 143/578/154 144/579/154 145/580/154 146/581/154 147/582/154 

v 3.74314 0.0650748 7.61
vt 8.50562 20.0016
vn 0.999601 -1.93637e-14 0.0282389
v 3.74461 -0.107058 7.55814
vt 10.5484 13.2247
v 3.7836 -0.164981 6.17775
vt 64.9159 10.9443
v 3.80985 -0.20397 5.24859
vt 101.511 9.40928
v 3.83808 -0.245903 4.24927
vt 140.871 7.75836
vt 162.535 6.84965
vt 162.535 40.4647
v 3.82354 0.590252 4.76397
vt 120.599 40.6779
v 3.77552 0.598895 6.46397
vt 53.643 41.0181
v 3.7665 0.600519 6.78327
vt 41.0671 41.0821
v 3.76784 0.536047 6.7359
vt 42.9326 38.5438
v 3.76784 0.466047 6.7359
vt 42.9326 35.7879
v 3.76621 0.384252 6.79343
vt 40.6668 32.5676
v 3.75356 0.24124 7.24115
vt 23.0333 26.9372
v 3.74562 0.171002 7.52251
vt 11.9514 24.172
v 3.74314 0.126244 7.61
vt 8.50562 22.4098
f 148/583/155 149/584/155 150/585/155 151/586/155 152/587/155 142/588/155 141/589/155 153/590/155 154/591/155 155/592/155 156/593/155 157/594/155 158/595/155 159/596/155 160/597/155 161/598/155 

v 3.13502 0.0650748 7.61
vt 277.26 19.1512
vn 5.03904e-15 -0.288496 0.957481
v 3.13355 -0.107058 7.55814
vt 277.202 12.0733
vt 301.26 12.0733
vt 301.202 19.1512
f 162/599/156 163/600/156 149/601/156 148/602/156 

v 3.02454 0.584838 3.69921
vt -146.2 40.4647
vn -0.999601 -9.45779e-16 0.0282389
v 3.02454 -0.268985 3.69921
vt -146.2 6.84965
v 3.04008 -0.245903 4.24927
vt -124.536 7.75836
v 3.06831 -0.20397 5.24859
vt -85.1763 9.40928
v 3.09456 -0.164981 6.17775
vt -48.5808 10.9443
vt 5.78679 13.2247
vt 7.82953 20.0016
v 3.13502 0.126244 7.61
vt 7.82953 22.4098
v 3.13255 0.171002 7.52251
vt 4.3837 24.172
v 3.1246 0.24124 7.24115
vt -6.69811 26.9372
v 3.11195 0.384252 6.79343
vt -24.3317 32.5676
v 3.11032 0.466047 6.7359
vt -26.5975 35.7879
v 3.11032 0.536047 6.7359
vt -26.5975 38.5438
v 3.11166 0.600519 6.78327
vt -24.732 41.0821
v 3.10264 0.598895 6.46397
vt -37.3079 41.0181
v 3.05462 0.590252 4.76397
vt -104.264 40.6779
f 164/603/157 165/604/157 166/605/157 167/606/157 168/607/157 163/608/157 162/609/157 169/610/157 170/611/157 171/612/157 172/613/157 173/614/157 174/615/157 175/616/157 176/617/157 177/618/157 

v 2.96705 0.584838 0.133025
vt -289.969 40.4647
vn -0.99987 -1.90338e-16 0.0161181
v 2.96705 -0.268985 0.133025
vt -289.969 6.84965
v 2.97441 -0.268985 0.589605
vt -271.991 6.84965
v 3.00858 -0.268985 2.70959
vt -188.516 6.84965
vt -149.549 6.84965
vt -149.549 40.4647
v 2.99469 0.584838 1.84752
vt -222.46 40.4647
f 178/619/158 179/620/158 180/621/158 181/622/158 165/623/158 164/624/158 182/625/158 

v 3.08979 0.584838 -4.18723
vt -472.094 40.4647
vn -0.999597 2.2693e-16 -0.0283997
v 3.08979 -0.268985 -4.18723
vt -472.094 6.84965
v 3.0501 -0.268985 -2.79021
vt -417.071 6.84965
v 3.00777 -0.268985 -1.30036
vt -358.392 6.84965
vt -301.937 6.84965
vt -301.937 40.4647
v 3.05273 0.584838 -2.88274
vt -420.715 40.4647
f 183/626/159 184/627/159 185/628/159 186/629/159 179/630/159 178/631/159 187/632/159 

v 3.427 0.0254957 -7.2348
vt -612.652 18.4434
vn -0.993934 -1.62857e-16 -0.109978
v 3.4351 -0.160635 -7.30798
vt -615.551 11.1154
v 3.40957 -0.168647 -7.07721
vt -606.41 10.7999
v 3.36209 -0.183544 -6.64815
vt -589.415 10.2135
v 3.19625 -0.23558 -5.14936
vt -530.047 8.16478
vt -491.937 6.84965
vt -491.937 40.4647
v 3.10061 0.58118 -4.28497
vt -495.809 40.3207
v 3.26749 0.524727 -5.79317
vt -555.549 38.0981
v 3.3425 0.499352 -6.47109
vt -582.402 37.0991
v 3.36987 0.490093 -6.71846
vt -592.2 36.7346
v 3.38182 0.486051 -6.82645
vt -596.478 36.5754
v 3.39377 0.482008 -6.93444
vt -600.755 36.4163
v 3.41234 0.283464 -7.10231
vt -607.405 28.5996
f 188/633/160 189/634/160 190/635/160 191/636/160 192/637/160 184/638/160 183/639/160 193/640/160 194/641/160 195/642/160 196/643/160 197/644/160 198/645/160 199/646/160 

v 3.45116 0.0254957 -7.2348
vt -289.707 -196.684
vn -3.39328e-13 0.365903 -0.930653
v 3.44306 -0.160635 -7.30798
vt -289.388 -204.558
vt -289.074 -204.558
vt -288.756 -196.684
f 200/647/161 201/648/161 189/649/161 188/650/161 

v 3.78837 0.584838 -4.18723
vt 428.319 40.4647
vn 0.993934 5.05783e-14 -0.109978
v 3.78837 -0.268985 -4.18723
vt 428.319 6.84965
v 3.68191 -0.23558 -5.14936
vt 466.429 8.16478
v 3.51607 -0.183544 -6.64815
vt 525.797 10.2135
v 3.46898 -0.168766 -7.07377
vt 542.656 10.7952
vt 551.933 11.1154
vt 549.034 18.4434
v 3.46582 0.283464 -7.10231
vt 543.787 28.5996
v 3.48439 0.482008 -6.93444
vt 537.137 36.4163
v 3.49427 0.485349 -6.84519
vt 533.602 36.5478
v 3.50829 0.490093 -6.71846
vt 528.582 36.7346
v 3.53566 0.499352 -6.47109
vt 518.783 37.0991
v 3.61067 0.524727 -5.79317
vt 491.931 38.0981
v 3.77755 0.58118 -4.28497
vt 432.19 40.3207
f 202/651/162 203/652/162 204/653/162 205/654/162 206/655/162 201/656/162 200/657/162 207/658/162 208/659/162 209/660/162 210/661/162 211/662/162 212/663/162 213/664/162 

vt 285.508 40.4647
vn 0.999597 3.04405e-15 -0.0283997
vt 285.508 6.84965
v 3.87039 -0.268985 -1.30036
vt 341.964 6.84965
v 3.82806 -0.268985 -2.79021
vt 400.643 6.84965
vt 455.666 6.84965
vt 455.666 40.4647
v 3.82543 0.584838 -2.88274
vt 404.287 40.4647
f 146/665/163 145/666/163 214/667/163 215/668/163 203/669/163 202/670/163 216/671/163 

vt 285.508 238.296
vn 0.673009 -0.739387 -0.019121
v 3.68039 -0.441928 -1.30036
vt 342.176 228.183
vt 341.964 238.296
f 145/672/164 217/673/164 214/674/164

vt 353.472 241.028
vn 0.578879 -0.815397 0.00520168
vt 297.123 252.79
v 3.68039 -0.432784 0.133025
vt 297.041 241.65
f 217/675/165 145/676/165 218/677/165

vt 281.314 251.048
vn 0.578861 -0.815373 0.00933138
vt 299.146 239.909
vt 299.292 251.048
f 144/678/166 218/679/166 145/680/166

vt 297.003 240.504
vn 0.584451 -0.811413 0.00517626
vt 279.106 251.537
v 3.68039 -0.429871 0.589605
vt 279.028 240.7
f 218/681/167 144/682/167 219/683/167

vt 197.84 249.879
vn 0.584433 -0.811387 0.0094212
vt 281.173 239.042
vt 281.314 249.879
f 143/684/168 219/685/168 144/686/168

vt 277.811 231.728
vn 0.628189 -0.778055 0.00298669
vt 194.383 241.811
v 3.68039 -0.421733 2.70959
vt 194.348 232.238
f 219/687/169 143/688/169 220/689/169

vt 158.873 240.066
vn 0.62816 -0.778018 0.0101261
vt 197.719 230.494
vt 197.84 240.066
f 142/690/170 220/691/170 143/692/170

vt 200.837 233.566
vn 0.607525 -0.794135 0.0162261
vt 162.071 243.461
v 3.68039 -0.401513 3.69921
vt 161.889 234.876
f 220/693/171 142/694/171 221/695/171

vt 157.112 237.089
vn 0.606831 -0.793229 0.0504282
vt 178.179 227.028
vt 178.744 235.597
f 152/696/172 221/697/172 142/698/172

vt 160.595 218.829
vn 0.675177 -0.737501 0.0150689
vt 139.083 227.9
v 3.68039 -0.390274 4.24927
vt 138.945 219.484
f 221/699/173 152/700/173 222/701/173

vt 115.162 224.511
vn 0.674411 -0.736664 0.0499638
vt 154.022 213.665
vt 154.48 222.07
f 151/702/174 222/703/174 152/704/174

vt 141.737 194.153
vn 0.755932 -0.654209 0.0240305
vt 102.575 203.851
v 3.68039 -0.353567 5.24859
vt 102.413 196.064
f 222/705/175 151/706/175 223/707/175

vt 75.78 203.41
vn 0.75525 -0.65362 0.0487628
vt 112.023 193.6
vt 112.352 201.382
f 150/708/176 223/709/176 151/710/176

vt 101.752 171.347
vn 0.821717 -0.569378 0.0242812
vt 65.3067 180.378
v 3.68039 -0.313943 6.17775
vt 65.1867 173.245
f 223/711/177 150/712/177 224/713/177

vt 19.2803 181.92
vn 0.821048 -0.568915 0.0470673
vt 73.3924 172.016
vt 73.6249 179.147
f 149/714/178 224/715/178 150/716/178

vt 298.731 -55.0121
vn 5.6645e-16 -0.988955 0.148219
vt 301.26 -0.0592232
vt 277.202 -0.0592232
v 3.19545 -0.313943 6.17775
vt 279.639 -55.0121
f 224/717/179 149/718/179 163/719/179 225/720/179 

vt -32.6194 219.723
vn -0.708296 0.702204 -0.0722896
vt -86.4278 208.283
v 3.6444 -0.211369 7.52671
vt -33.4499 213.955
f 149/721/180 224/722/180 226/723/180

vt 297.315 -2.57855
vn 1.91226e-15 -0.997122 0.07582
v 3.25191 -0.211369 7.52671
vt 281.862 -2.57855
vt 279.639 -55.8404
vt 298.731 -55.8404
f 226/724/181 227/725/181 225/726/181 224/727/181 

vt 281.862 7.78421
vn -3.80837e-15 -0.288496 0.957481
vt 297.315 7.78421
f 227/728/182 226/729/182 149/601/182 163/600/182 

vt 34.0189 -200.079
vn -0.646052 -0.758577 0.0847226
vt -19.5488 -212.579
vt 33.3979 -206.381
f 163/730/183 225/731/183 227/732/183

vt -40.4755 -153.973
vn -0.827054 -0.560165 0.0468698
vt 13.6455 -144.14
vt -40.7002 -146.893
f 225/733/184 163/734/184 168/735/184

vt -48.4054 -146.331
vn -0.827727 -0.560621 0.0239078
v 3.19545 -0.353567 5.24859
vt -84.8563 -155.297
vt -48.2907 -153.413
f 168/736/185 228/737/185 225/738/185

vt -74.9433 -181.663
vn -0.761079 -0.646833 0.0486427
vt -38.6902 -171.928
vt -75.2626 -173.94
f 228/739/186 168/740/186 167/741/186

vt -84.354 -172.423
vn -0.761765 -0.647417 0.023781
v 3.19545 -0.390274 4.24927
vt -123.522 -182.047
vt -84.1979 -180.151
f 167/742/187 229/743/187 228/744/187

vt -111.484 -209.723
vn -0.679848 -0.731653 0.0499071
vt -72.6127 -198.963
vt -111.932 -201.385
f 229/745/188 167/746/188 166/747/188

vt -126.267 -197.151
vn -0.68062 -0.732484 0.0149664
v 3.19545 -0.401513 3.69921
vt -147.783 -206.15
vt -126.133 -205.5
f 166/748/189 230/749/189 229/750/189

vt -130.494 -228.933
vn -0.612001 -0.789249 0.0504072
vt -109.413 -218.956
vt -131.046 -220.436
f 230/751/190 166/752/190 165/753/190

vt -146.726 -214.572
vn -0.6127 -0.79015 0.0161446
v 3.19545 -0.421733 2.70959
vt -185.497 -224.384
vt -146.549 -223.085
f 165/754/191 231/755/191 230/756/191

vt -188.397 -218.347
vn -0.632857 -0.774202 0.0102018
vt -149.549 -208.846
vt -188.516 -208.846
f 231/757/192 165/758/192 181/759/192

vt -191.649 -207.176
vn -0.632887 -0.774238 0.00297204
v 3.19545 -0.429871 0.589605
vt -275.077 -217.184
vt -191.614 -216.678
f 181/760/193 232/761/193 231/762/193

vt -271.85 -229.349
vn -0.588459 -0.808472 0.0094861
vt -188.516 -218.587
vt -271.991 -218.587
f 232/763/194 181/764/194 180/765/194

vt -274.008 -216.971
vn -0.588477 -0.808497 0.00515766
v 3.19545 -0.432784 0.133025
vt -291.907 -227.929
vt -273.932 -227.734
f 180/766/195 233/767/195 232/768/195

vt -289.824 -230.825
vn -0.58276 -0.81259 0.00939422
vt -271.991 -219.76
vt -289.969 -219.76
f 233/769/196 180/770/196 179/771/196

vt -291.95 -218.059
vn -0.582777 -0.812615 0.00518393
v 3.19545 -0.441928 -1.30036
vt -348.3 -229.742
vt -291.87 -229.124
f 179/772/197 234/773/197 233/774/197

vt -358.602 -198.167
vn -0.67753 -0.735243 -0.0192495
vt -301.937 -188.122
vt -358.392 -188.122
f 234/775/198 179/776/198 186/777/198

vt -364.73 -181.496
vn -0.677218 -0.734905 -0.0359223
v 3.25191 -0.421133 -2.79021
vt -423.812 -190.329
vt -365.121 -191.536
f 186/778/199 235/779/199 234/780/199

vt -417.297 -215.14
vn -0.601917 -0.798375 -0.0171012
vt -358.392 -205.192
vt -417.071 -205.192
f 235/781/200 186/782/200 185/783/200

vt -425.97 -193.32
vn -0.601567 -0.797911 -0.0381446
v 3.29069 -0.383583 -4.18723
vt -481.46 -200.805
vt -426.473 -203.257
f 185/784/201 236/785/201 235/786/201

vt -472.319 -233.416
vn -0.495443 -0.868526 -0.0140761
vt -417.071 -224.314
vt -472.094 -224.314
f 236/787/202 185/788/202 184/789/202

vt -483.731 -204.949
vn -0.495152 -0.868015 -0.0370753
v 3.31739 -0.357721 -5.14936
vt -522.173 -211.985
vt -484.321 -214.036
f 184/790/203 237/791/203 236/792/203

vt -537.972 -144.264
vn -0.706272 -0.700486 -0.102469
vt -499.199 -139.368
vt -537.287 -137.526
f 237/793/204 184/794/204 192/795/204

vt -526.744 -156.084
vn -0.708369 -0.702565 -0.0679419
v 3.40133 -0.297417 -6.64815
vt -586.253 -159.505
vt -527.199 -162.841
f 192/796/205 238/797/205 237/798/205

vt -592.191 -64.9049
vn -0.939142 -0.323655 -0.115152
vt -532.64 -62.3319
vt -592.003 -60.1666
f 238/799/206 192/800/206 191/801/206

vt -572.865 -75.765
vn -0.944686 -0.325566 -0.0396968
v 3.40957 -0.268985 -7.07721
vt -589.821 -79.3226
vt -572.93 -80.5065
f 191/802/207 239/803/207 238/804/207

vt -606.41 6.84965
vn -0.993934 0 -0.109978
f 239/805/208 191/636/208 190/635/208

v 3.42605 -0.251806 -7.22622
vt -612.313 7.52598
vn -0.993934 -6.87922e-15 -0.109978
v 3.4335 -0.208485 -7.29347
vt -614.977 9.23153
f 240/806/209 239/805/209 190/635/209 189/634/209 241/807/209 

v 3.45211 -0.251806 -7.22622
vt -289.744 581.122
vn 2.63596e-14 -0.99342 -0.114525
v 3.4686 -0.268985 -7.07721
vt -290.393 575.216
vt -288.069 575.216
vt -288.718 581.122
f 242/808/210 243/809/210 239/810/210 240/811/210 

vn 0.993934 -3.00606e-13 -0.109978
vt 542.792 6.84965
vt 548.695 7.52598
v 3.44467 -0.208485 -7.29347
vt 551.359 9.23153
f 201/656/211 206/655/211 243/812/211 242/813/211 244/814/211 

vn 0.993934 -3.15266e-13 -0.109978
f 205/654/212 243/812/212 206/655/212

vt 567.219 114.841
vn 0.936789 -0.348207 -0.0343143
vt 550.27 118.429
v 3.47374 -0.297417 -6.64815
vt 550.331 113.646
f 243/815/213 205/816/213 245/817/213

vt 461.908 131.61
vn 0.931118 -0.346099 -0.115044
vt 521.475 129.015
vt 521.27 133.794
f 204/818/214 245/819/214 205/820/214

vt 530.495 246.896
vn 0.704321 -0.706552 -0.0686724
vt 470.971 250.336
v 3.55938 -0.357721 -5.14936
vt 471.439 243.541
f 245/821/215 204/822/215 246/823/215

vt 416.001 263.202
vn 0.702293 -0.704518 -0.102168
vt 454.784 258.279
vt 454.089 265.055
f 203/824/216 246/825/216 204/826/216

vt 476.76 289.032
vn 0.50756 -0.86062 -0.0414247
vt 438.273 295.892
v 3.59406 -0.383583 -4.18723
vt 438.895 287.033
f 246/827/217 203/828/217 247/829/217

vt 400.643 275.686
vn 0.507943 -0.86127 -0.0144313
vt 455.883 266.807
vt 455.666 275.686
f 215/830/218 247/831/218 203/832/218

vt 443.194 252.587
vn 0.637351 -0.769337 -0.0436485
vt 387.692 259.649
v 3.6444 -0.421133 -2.79021
vt 388.186 250.273
f 247/833/219 215/834/219 248/835/219

vt 341.964 247.712
vn 0.637854 -0.769944 -0.0181222
vt 400.848 238.325
vt 400.643 247.712
f 214/836/220 248/837/220 215/838/220

vt 397.407 232.144
vn 0.672895 -0.739261 -0.0265708
vt 338.446 241.039
vt 338.741 230.928
f 248/839/221 214/840/221 217/841/221

vt -298.731 350.768
vn 4.48873e-16 -0.999903 -0.0139559
vt -279.639 350.768
vt -281.862 409.429
vt -297.315 409.429
f 217/842/222 234/843/222 235/844/222 248/845/222 

vt 279.639 -350.794
vn 8.95364e-16 -0.99998 0.00637919
vt 298.731 -350.794
vt 298.731 -294.361
vt 298.731 -276.385
vt 279.639 -276.385
vt 279.639 -294.361
f 234/846/223 217/847/223 218/848/223 219/849/223 232/850/223 233/851/223 

vt 279.639 -276.389
vn 7.9048e-16 -0.999993 0.00383863
vt 298.731 -276.389
vt 298.731 -192.925
vt 279.639 -192.925
f 232/852/224 219/853/224 220/854/224 231/855/224 

vt 279.639 -192.872
vn 7.45455e-16 -0.999791 0.0204281
vt 298.731 -192.872
vt 298.731 -153.903
vt 298.731 -132.242
vt 279.639 -132.242
vt 279.639 -153.903
f 231/856/225 220/857/225 221/858/225 222/859/225 229/860/225 230/861/225 

vt 298.731 -92.7769
vn 7.45108e-16 -0.999326 0.0367074
vt 279.639 -92.7769
vt 279.639 -132.147
vt 298.731 -132.147
f 223/862/226 228/863/226 229/864/226 222/865/226 

vt 298.731 -56.1202
vn 1.11497e-15 -0.999092 0.0426065
vt 279.639 -56.1202
vt 279.639 -92.7344
vt 298.731 -92.7344
f 224/866/227 225/867/227 228/868/227 223/869/227 

vt -297.315 409.332
vn 1.54785e-16 -0.999639 -0.0268695
vt -281.862 409.332
vt -283.389 464.353
vt -284.44 502.246
vt -293.967 502.246
vt -295.333 464.353
f 248/870/228 235/871/228 236/872/228 237/873/228 246/874/228 247/875/228 

vt -293.967 502.066
vn 5.80946e-16 -0.999192 -0.040203
vt -284.44 502.066
vt -287.745 561.121
vt -290.596 561.121
f 246/876/229 237/877/229 238/878/229 245/879/229 

vt -288.069 577.424
vn 1.78163e-14 -0.997812 -0.0661214
vt -290.393 577.424
vt -290.596 560.495
vt -287.745 560.495
f 239/880/230 243/881/230 245/882/230 238/883/230 

vt -289.451 498.276
vn -8.09808e-14 -0.840692 -0.541514
vt -289.744 495.126
vt -288.718 495.126
vt -289.011 498.276
f 244/884/231 242/885/231 240/886/231 241/887/231 

vt -289.388 181.012
vn -7.79127e-13 -0.290087 -0.957
vt -289.451 179.043
vt -289.011 179.043
vt -289.074 181.012
f 201/888/232 244/889/232 241/890/232 189/891/232 

vt 455.666 -170.48
vn 0.769727 0.637998 -0.0218689
v 3.66354 0.780149 -2.88274
vt 404.468 -160.495
vt 404.287 -170.48
f 202/892/233 249/893/233 216/894/233

vt 406.46 -151.811
vn 0.786206 0.617723 -0.0172565
vt 457.698 -161.589
v 3.66354 0.743708 -4.18723
vt 457.805 -153.635
f 249/895/234 202/896/234 250/897/234

vt 421.813 -192.072
vn 0.781598 0.614102 -0.109469
vt 418.625 -183.965
vt 417.943 -191.89
f 213/898/235 250/899/235 202/900/235

vt 458.426 -140.4
vn 0.813943 0.580719 -0.0162227
vt 462.184 -148.26
v 3.66354 0.740977 -4.28497
vt 462.273 -140.532
f 250/901/236 213/902/236 251/903/236

vt 482.499 -179.589
vn 0.809008 0.577198 -0.111121
vt 423.389 -169.163
vt 422.779 -176.867
f 212/904/237 251/905/237 213/906/237

vt 434.174 -111.439
vn 0.891507 0.442983 -0.0947689
vt 493.44 -120.936
v 3.53976 0.667436 -5.79317
vt 493.735 -114.669
f 251/907/238 212/908/238 252/909/238

vt 512.239 -126.596
vn 0.889599 0.442034 -0.114979
vt 485.749 -119.218
vt 485.391 -125.482
f 211/910/239 252/911/239 212/912/239

vt 492.361 -94.3437
vn 0.917107 0.385595 -0.101152
vt 518.907 -101.516
v 3.48737 0.614208 -6.47109
vt 519.115 -96.6149
f 252/913/240 211/914/240 253/915/240

vt 523.052 -104.837
vt 513.493 -99.543
vt 513.255 -104.442
f 210/916/83 253/917/83 211/918/83

vt 507.829 -111.689
vn 0.903617 0.408586 -0.128586
vt 517.355 -117.043
v 3.46852 0.578044 -6.71846
vt 517.575 -113.249
f 253/919/241 210/920/241 254/921/241

vt 527.65 -114.425
vn 0.905087 0.40925 -0.115466
vt 522.829 -110.425
vt 522.631 -114.22
f 209/922/242 254/923/242 210/924/242

vt 534.111 -91.5344
vn 0.922443 0.376053 -0.0876589
vt 538.982 -95.4728
v 3.46852 0.553072 -6.82559
vt 538.309 -92.5954
f 254/925/243 209/926/243 255/927/243

vt 527.482 -101.032
vn 0.916858 0.382063 -0.11575
vt 528.121 -103.917
vt 531.656 -104.059
f 255/928/244 209/929/244 208/930/244

v 3.39079 0.553072 -6.82559
vt -287.33 -454.464
vn -4.43786e-14 0.837365 -0.546644
vt -290.39 -454.464
vt -291.015 -459.582
vt -287.447 -459.582
f 256/931/245 255/932/245 208/933/245 198/934/245 

v 3.39079 0.578044 -6.71846
vt -287.33 -540.259
vn -2.59075e-14 0.973891 -0.227017
vt -290.39 -540.259
vt -290.39 -544.589
vt -287.33 -544.589
f 257/935/246 254/936/246 255/937/246 256/938/246 

v 3.43908 0.614208 -6.47109
vt -289.231 -542.522
vn -7.85109e-15 0.989482 -0.144655
vt -291.132 -542.522
vt -290.39 -552.365
vt -287.33 -552.365
v 3.39079 0.614208 -6.47109
vt -287.33 -542.522
f 258/939/247 253/940/247 254/941/247 257/942/247 259/943/247 

v 3.34478 0.667436 -5.79317
vt -285.519 -522.643
vn -6.68157e-15 0.996932 -0.0782769
vt -293.195 -522.643
vt -291.132 -549.415
vt -289.231 -549.415
vt -287.33 -549.415
f 260/944/248 252/945/248 253/946/248 258/947/248 259/948/248 

vt -293.195 -524.929
vn -3.49572e-15 0.998813 -0.0487028
vt -285.519 -524.929
v 3.2186 0.740977 -4.28497
vt -280.551 -465.48
vt -298.068 -465.48
f 252/949/249 260/950/249 261/951/249 251/952/249 

vt -555.423 139.276
vn -0.875217 0.474039 -0.0963415
vt -496.191 148.946
vt -555.756 145.657
f 194/953/250 261/954/250 260/955/250

vt -502.322 163.814
vn -0.799537 0.590352 -0.110565
vt -561.404 153.266
vt -501.686 156.02
f 261/956/251 194/957/251 193/958/251

vt -485.509 177.409
vn -0.803331 0.593153 -0.0531831
v 3.21414 0.743708 -4.18723
vt -481.965 185.357
vt -485.816 185.223
f 193/959/252 262/960/252 261/961/252

vt -498.834 167.601
vn -0.782727 0.61265 -0.10954
vt -502.025 159.505
vt -498.156 159.688
f 262/962/253 193/963/253 183/964/253

vt -481.942 181.827
vn -0.786357 0.615491 -0.0530336
v 3.15469 0.780149 -2.88274
vt -430.872 191.583
vt -482.271 189.763
f 183/965/254 263/966/254 262/967/254

vt -420.829 165.836
vn -0.886201 0.462616 -0.025178
vt -472.094 157.162
vt -420.715 157.162
f 263/968/255 183/969/255 187/970/255

vt -413.1 162.678
vn -0.886482 0.462763 -5.80375e-18
v 3.15469 0.780149 0.133025
vt -294.369 171.352
vt -413.1 171.352
f 187/971/256 264/972/256 263/973/256

vt -302.146 221.446
vn -0.720979 0.692654 -0.0204839
vt -420.715 210.785
vt -301.937 210.785
f 264/974/257 187/975/257 178/976/257

vt -294.369 216.685
vn -0.72113 0.6928 -7.30372e-18
v 3.15469 0.780149 1.84752
vt -226.869 227.348
vt -294.369 227.348
f 178/977/258 265/978/258 264/979/258

vt -222.358 215.727
vn -0.773509 0.633663 0.0124691
vt -289.969 205.787
vt -222.46 205.787
f 265/980/259 178/981/259 182/982/259

vt -216.507 208.715
vn -0.773242 0.633445 0.0290518
v 3.19735 0.747307 3.69921
vt -143.358 216.981
vt -216.271 218.652
f 182/983/260 266/984/260 265/985/260

vt -149.44 237.664
vn -0.684917 0.728538 0.011041
vt -222.46 228.326
vt -149.549 228.326
f 266/986/261 182/987/261 164/988/261

vt -142.406 231.006
vn -0.684676 0.728282 0.0286931
v 3.22189 0.728422 4.76397
vt -100.198 239.255
vt -142.121 240.34
f 164/989/262 267/990/262 266/991/262

vt -105.821 247.608
vn -0.636792 0.770907 0.01407
vt -147.902 238.733
vt -105.967 239.068
f 267/992/263 164/993/263 177/994/263

vt -112.049 237.228
vn -0.636855 0.770983 -0
v 3.22189 0.728422 6.46397
vt -45.1194 245.77
vt -112.049 245.77
f 177/995/264 268/996/264 267/997/264

vt -38.4932 224.677
vn -0.735594 0.677201 0.0173376
vt -105.559 217.284
vt -38.6039 217.747
f 268/998/265 177/999/265 176/1000/265

vt -45.1194 217.103
vn -0.735704 0.677303 -6.10588e-17
v 3.22189 0.728422 6.78327
vt -32.5485 224.035
vt -45.1194 224.035
f 176/1001/266 269/1002/266 268/1003/266

vt -25.8417 218.596
vn -0.757395 0.652707 0.018078
vt -38.521 211.865
vt -25.9452 211.949
f 269/1004/267 176/1005/267 175/1006/267

vt -32.5485 211.519
vn -0.757518 0.652814 1.12806e-16
v 3.22189 0.728422 6.90397
vt -27.7966 218.167
vt -32.5485 218.167
f 175/1007/268 270/1008/268 269/1009/268

vt 25.6812 184.922
vn -0.821395 0.542916 0.174791
v 3.19545 0.688422 6.90397
vt 31.0156 189.043
vt 31.2322 190.919
f 175/1010/269 271/1011/269 270/1012/269

v 3.69829 0.688422 6.90397
vt 299.436 3.75352
vn 4.23943e-16 -0.808345 0.588709
vt 279.639 3.75352
vt 276.341 -2.12504
vt 302.122 -2.12504
f 272/1013/270 271/1014/270 175/1015/270 155/1016/270 

v 3.66354 0.728422 6.90397
vt 298.068 46.1176
vt 280.68 46.1176
vt 279.639 44.5428
vt 299.436 44.5428
f 273/1017/58 270/1018/58 271/1019/58 272/1020/58 

vt 280.68 27.7966
vt 298.068 27.7966
v 3.66354 0.728422 6.78327
vt 298.068 32.5485
v 3.66354 0.728422 6.46397
vt 298.068 45.1194
vt 280.68 45.1194
vt 280.68 32.5485
f 270/1021/59 273/1022/59 274/1023/59 275/1024/59 268/1025/59 269/1026/59 

vt 280.68 14.4636
vn 2.31829e-18 -0.686325 0.727295
vt 276.341 7.5399
vt 302.122 7.5399
vt 298.068 14.4636
f 270/1027/271 175/1028/271 155/1029/271 273/1030/271 

vt 302.174 10.6872
vn -1.51391e-18 -0.592065 0.80589
vt 302.122 13.8368
vt 276.341 13.8368
vt 276.288 10.6872
f 156/1031/272 155/1032/272 175/1033/272 174/1034/272 

vt 302.174 35.7879
vt 302.174 38.5438
vt 276.288 38.5438
vt 276.288 35.7879
f 157/1035/58 156/1036/58 174/1037/58 173/1038/58 

vt 302.11 45.1333
vn -1.68398e-18 0.575287 0.817952
vt 302.174 49.0703
vt 276.288 49.0703
vt 276.352 45.1333
f 158/1039/273 157/1040/273 173/1041/273 172/1042/273 

vt 301.612 22.0298
vn -2.70183e-16 0.952582 0.304282
vt 302.11 40.5337
vt 276.352 40.5337
vt 276.85 22.0298
f 159/1043/274 158/1044/274 172/1045/274 171/1046/274 

vt 301.299 9.1963
vn -1.47001e-15 0.970227 0.242198
vt 301.612 20.6136
vt 276.85 20.6136
vt 277.163 9.1963
f 160/1047/275 159/1048/275 171/1049/275 170/1050/275 

vt 301.202 10.2065
vn -1.49255e-16 0.890262 0.455449
vt 301.299 14.0756
vt 277.163 14.0756
vt 277.26 10.2065
f 161/1051/276 160/1052/276 170/1053/276 169/1054/276 

vt 301.202 20.0016
vn 9.49686e-15 1.48495e-27 1
vt 301.202 22.4098
vt 277.26 22.4098
vt 277.26 20.0016
f 148/1055/277 161/1056/277 169/1057/277 162/1058/277 

vt 7.55179 -163.237
vn 0.753954 0.654949 -0.0509313
vt 12.1119 -167.817
vt 7.64399 -161.153
f 272/1059/278 155/1060/278 273/1061/278

vt 27.7966 -150.975
vn 0.778989 0.627038 1.16003e-16
vt 32.5485 -157.439
vt 32.5485 -150.975
f 273/1062/279 155/1063/279 274/1064/279

vt 52.4113 -156.936
vn 0.778851 0.626927 0.0188152
vt 39.7375 -150.391
vt 39.8354 -156.854
f 154/1065/280 274/1066/280 155/1067/280

vt 32.5485 -160.046
vn 0.756503 0.65399 -0
vt 45.1194 -166.786
vt 45.1194 -160.046
f 274/1068/281 154/1069/281 275/1070/281

vt 119.275 -166.44
vn 0.75638 0.653884 0.0180433
vt 52.2149 -159.251
vt 52.3201 -165.991
f 153/1071/282 275/1072/282 154/1073/282

vt 45.1194 -195.451
vn 0.653588 0.756851 5.80896e-18
vt 112.049 -203.774
v 3.66354 0.728422 4.76397
vt 112.049 -195.451
f 275/1074/283 153/1075/283 276/1076/283

vt 160.761 -202.118
vn 0.653518 0.75677 0.0146144
vt 118.684 -193.471
vt 118.825 -201.792
f 141/1077/284 276/1078/284 153/1079/284

vt 118.208 -194.775
vn 0.649679 0.760089 0.0134813
vt 160.274 -203.474
v 3.66354 0.747307 3.69921
vt 160.119 -193.631
f 276/1080/285 141/1081/285 277/1082/285

vt 231.784 -204.045
vn 0.649702 0.760117 0.0104734
vt 158.753 -194.201
vt 158.873 -204.045
f 147/1083/286 277/1084/286 141/1085/286

vt 159.889 -189.388
vn 0.66396 0.74765 0.0132607
vt 232.949 -199.019
v 3.66354 0.780149 1.84752
vt 232.776 -187.441
f 277/1086/287 147/1087/287 278/1088/287

vt 299.292 -199.696
vn 0.663981 0.747673 0.0107035
vt 231.644 -188.117
vt 231.784 -199.696
f 146/1089/288 278/1090/288 147/1091/288

vt 226.869 -204.186
vn 0.619377 0.785094 9.89804e-18
vt 294.369 -216.601
v 3.66354 0.780149 0.133025
vt 294.369 -204.186
f 278/1092/289 146/1093/289 279/1094/289

vt 404.287 -223.022
vn 0.619281 0.784972 -0.0175945
vt 285.785 -210.61
vt 285.508 -223.022
f 216/1095/290 279/1096/290 146/1097/290

vt 294.369 -153.138
vn 0.769912 0.638151 5.04057e-18
vt 413.1 -163.125
vt 413.1 -153.138
f 279/1098/291 216/1099/291 249/1100/291

vt 278.035 226.869
vt 298.068 226.869
vt 298.068 294.369
vt 298.068 413.1
vt 278.035 413.1
vt 278.035 294.369
f 265/1101/59 278/1102/59 279/1103/59 249/1104/59 263/1105/59 264/1106/59 

vt 298.068 227.688
vn -3.13656e-18 0.999843 0.0177337
vt 278.035 227.688
vt 279.714 154.775
vt 280.68 112.849
vt 298.068 112.849
vt 298.068 154.775
f 278/1107/292 265/1108/292 266/1109/292 267/1110/292 276/1111/292 277/1112/292 

vt 298.068 112.049
vt 280.68 112.049
f 276/1113/59 267/1114/59 268/1025/59 275/1024/59 

vt -278.035 -411.594
vn -1.55592e-15 0.99961 -0.0279247
vt -298.068 -411.594
vt -298.068 -462.972
vt -298.068 -466.821
vt -280.551 -466.821
vt -280.375 -462.972
f 263/1115/293 249/1116/293 250/1117/293 251/1118/293 261/1119/293 262/1120/293 

vt -560.283 140.048
vn -0.873538 0.47313 -0.114366
vt -586.735 132.537
vt -559.888 133.671
f 260/1121/294 195/1122/294 194/1123/294

vt -580.222 122.348
vn -0.917875 0.385918 -0.0925928
vt -553.676 129.521
vt -580.413 127.25
f 195/1124/295 260/1125/295 259/1126/295

vt -586.026 121.395
vt -595.585 116.101
vt -585.788 116.496
f 259/1127/99 196/1128/99 195/1129/99

vt -573.728 97.4239
vn -0.972303 0.231265 -0.0338092
vt -564.024 102.447
vt -573.757 100.983
f 196/1130/296 259/1131/296 257/1132/296

vt -594.232 89.3047
vn -0.966345 0.229848 -0.115529
vt -598.412 85.5833
vt -594.134 85.7468
f 257/1133/297 197/1134/297 196/1135/297

vt -577.062 72.0316
vn -0.990633 0.132985 -0.0309993
vt -572.823 75.6858
vt -577.039 74.6939
f 197/1136/298 257/1137/298 256/1138/298

vt -597.584 65.5271
vn -0.984515 0.133236 -0.113923
vt -597.591 68.1894
vt -601.862 65.3665
f 197/1139/299 256/1140/299 198/1141/299

v 3.38172 0.553072 -6.82559
vt -286.973 -454.464
vn 9.53552e-16 0.837365 -0.546644
f 280/1142/300 256/931/300 198/934/300

vt -291.015 -341.902
vn -6.10826e-14 0.645651 -0.763632
vt -290.284 -352.138
vt -288.179 -352.138
vt -287.447 -341.902
f 208/1143/301 207/1144/301 199/1145/301 198/1146/301 

vt -290.284 -239.176
vn -1.63196e-13 0.456846 -0.889546
vt -289.707 -250.593
vt -288.756 -250.593
vt -288.179 -239.176
f 207/1147/302 200/1148/302 188/1149/302 199/1150/302 

g Mesh3 hull1 Model

v 0.0191606 0.91671 0.294888
vt -132.611 269.303
vn 0.0407039 -0.705934 -0.707107
v 0.0205328 0.892912 0.325954
vt -132.756 267.769
vn 0.0498519 -0.864589 -0.5
v 0.0108609 0.892354 0.325954
vt -132.377 267.733
v -3.86302 0.668988 0.325954
vt 19.711 253.328
v -3.86439 0.692786 0.294888
vt 19.8564 254.862
v 0.0108609 0.916231 0.294888
vt -132.285 269.273
f 281/1151/303 282/1152/304 283/1153/304 284/1154/304 285/1155/303 286/1156/303 

v 0.0205328 0.892912 0.475954
vt 280.868 43.6045
vn 0.998342 0.057564 1.66968e-17
v 0.0213954 0.877952 0.439777
vt 282.292 43.0146
v 0.0216896 0.872849 0.400954
vt 283.821 42.8133
v 0.0213954 0.877952 0.362131
vt 285.349 43.0146
vt 286.773 43.6045
vt 287.997 44.543
v 0.0173723 0.947725 0.271051
vt 288.935 45.7661
v 0.0152898 0.983842 0.256065
vt 289.525 47.1904
v 0.013055 1.0226 0.250954
vt 289.726 48.7189
v 0.0108202 1.06136 0.256065
vt 289.525 50.2473
v 0.00873771 1.09748 0.271051
vt 288.935 51.6716
v 0.00694943 1.12849 0.294888
vt 287.997 52.8947
v 0.00557723 1.15229 0.325954
vt 286.773 53.8332
v 0.00471463 1.16725 0.362131
vt 285.349 54.4231
v 0.00442041 1.17235 0.400954
vt 283.821 54.6244
v 0.00471463 1.16725 0.439777
vt 282.292 54.4231
v 0.00557723 1.15229 0.475954
vt 280.868 53.8332
v 0.00694943 1.12849 0.50702
vt 279.645 52.8947
v 0.00873771 1.09748 0.530858
vt 278.706 51.6716
v 0.0108202 1.06136 0.545843
vt 278.116 50.2473
v 0.013055 1.0226 0.550954
vt 277.915 48.7189
v 0.0152898 0.983842 0.545843
vt 278.116 47.1904
v 0.0173723 0.947725 0.530858
vt 278.706 45.7661
v 0.0191606 0.91671 0.50702
vt 279.645 44.543
f 287/1157/305 288/1158/305 289/1159/305 290/1160/305 282/1161/305 281/1162/305 291/1163/305 292/1164/305 293/1165/305 294/1166/305 295/1167/305 296/1168/305 297/1169/305 298/1170/305 299/1171/305 300/1172/305 301/1173/305 302/1174/305 303/1175/305 304/1176/305 305/1177/305 306/1178/305 307/1179/305 308/1180/305 

vt 192.062 -218.163
vn 0.0556026 -0.964324 0.258819
vt 191.832 -216.638
vn 0.0498519 -0.864589 0.5
v 0.0108609 0.892354 0.475954
vt 191.455 -216.695
v -3.86302 0.668988 0.475954
vt 40.3916 -239.456
v -3.86215 0.654028 0.439777
vt 40.6213 -240.981
v 0.0108609 0.877344 0.439777
vt 191.651 -218.225
f 288/1181/306 287/1182/307 309/1183/307 310/1184/307 311/1185/306 312/1186/306 

vt 175.221 -180.565
vt 175.075 -179.03
vn 0.0407039 -0.705934 0.707107
v 0.0108609 0.916231 0.50702
vt 174.75 -179.061
v -3.86439 0.692786 0.50702
vt 22.6081 -193.471
vt 22.7535 -195.006
vt 174.841 -180.601
f 287/1187/307 308/1188/308 313/1189/308 314/1190/308 310/1191/307 309/1192/307 

vt 166.778 -123.133
vt 166.666 -121.596
vn 0.028782 -0.499171 0.866025
v 0.0108609 0.947349 0.530858
vt 166.41 -121.614
v -3.86618 0.7238 0.530858
vt 13.9196 -132.697
vt 14.0314 -134.235
vt 166.452 -123.157
f 308/1193/308 307/1194/309 315/1195/309 316/1196/309 314/1197/308 313/1198/308 

vt 161.118 -54.4438
vt 161.022 -52.9051
vn 0.0148987 -0.25839 0.965926
v 0.0108609 0.983586 0.545843
vt 160.848 -52.916
v -3.86826 0.759918 0.545843
vt 8.16966 -62.4447
vt 8.26569 -63.9833
vt 160.862 -54.4598
f 307/1199/309 306/1200/310 317/1201/310 318/1202/310 316/1203/309 315/1204/309 

vt 156.539 19.6068
vt 156.45 21.1459
vn 1.83893e-15 -2.18502e-14 1
v 0.0108609 1.02247 0.550954
vt 156.364 21.1408
v -3.87049 0.798676 0.550954
vt 3.55871 12.2541
vt 3.64821 10.7151
vt 156.365 19.5967
f 306/1205/310 305/1206/311 319/1207/311 320/1208/311 318/1209/310 317/1210/310 

vt 152.238 93.5739
vt 152.148 95.113
vn -0.0148987 0.25839 0.965926
v -3.87273 0.837435 0.545843
vt -0.743009 86.2212
vt -0.653503 84.6822
vt 152.151 93.5689
f 305/1211/311 304/1212/312 321/1213/312 320/1214/311 319/1215/311 

vt 147.587 162.361
vt 147.491 163.9
vn -0.028782 0.499171 0.866025
v -3.87481 0.873552 0.530858
vt -5.36122 154.36
vt -5.2652 152.822
f 304/1216/312 303/1217/313 322/1218/313 321/1219/312 

vt 141.73 221.516
vt 141.618 223.053
vn -0.0407039 0.705934 0.707107
v -3.8766 0.904566 0.50702
vt -11.1289 211.952
vt -11.0172 210.414
f 303/1220/313 302/1221/314 323/1222/314 322/1223/313 

vt 132.756 267.769
vt 132.611 269.303
vn -0.0498519 0.864589 0.5
v -3.87797 0.928365 0.475954
vt -19.8564 254.862
vt -19.711 253.328
f 302/1224/314 301/1225/315 324/1226/315 323/1227/314 

vt 113.926 300.416
vt 113.697 301.941
vn -0.0556026 0.964324 0.258819
v -3.87884 0.943325 0.439777
vt -37.7437 279.123
vt -37.514 277.598
f 301/1228/315 300/1229/316 325/1230/316 324/1231/315 

vt 28.0278 326.116
vt 27.4048 327.526
vn -0.057564 0.998342 -2.40758e-15
v -0.00710797 1.17169 0.400954
vt 26.989 327.342
v -3.87913 0.948427 0.400954
vt -112.685 265.642
vt -112.062 264.232
f 300/1232/316 299/1233/317 326/1234/317 327/1235/317 325/1236/316 

vt -254.814 -187.267
vt -255.437 -188.678
vn -0.0556026 0.964324 -0.258819
v -3.87884 0.943325 0.362131
vt -115.347 -250.562
vt -114.724 -249.152
vt -254.398 -187.451
f 299/1237/317 298/1238/318 328/1239/318 327/1240/317 326/1241/317 

vt -191.832 -216.638
vt -192.062 -218.163
vn -0.0498519 0.864589 -0.5
v -3.87797 0.928365 0.325954
vt -40.6213 -240.981
vt -40.3916 -239.456
f 298/1242/318 297/1243/319 329/1244/319 328/1245/318 

vt -175.075 -179.03
vt -175.221 -180.565
vn -0.0407039 0.705934 -0.707107
v -3.8766 0.904566 0.294888
vt -22.7535 -195.006
vt -22.6081 -193.471
f 297/1246/319 296/1247/320 330/1248/320 329/1249/319 

vt -166.666 -121.596
vt -166.778 -123.133
vn -0.028782 0.499171 -0.866025
v -3.87481 0.873552 0.271051
vt -14.0314 -134.235
vt -13.9196 -132.697
f 296/1250/320 295/1251/321 331/1252/321 330/1253/320 

vt -161.022 -52.9051
vt -161.118 -54.4438
vn -0.0148987 0.25839 -0.965926
v -3.87273 0.837435 0.256065
vt -8.26569 -63.9833
vt -8.16966 -62.4447
f 295/1254/321 294/1255/322 332/1256/322 331/1257/321 

vt -156.45 21.1459
vt -156.539 19.6068
vn -1.58041e-15 1.7273e-14 -1
v 0.0108609 1.02247 0.250954
vt -156.453 19.6018
v -3.87049 0.798676 0.250954
vt -3.64821 10.7151
vt -3.55871 12.2541
f 294/1258/322 293/1259/323 333/1260/323 334/1261/323 332/1262/322 

vt -152.148 95.113
vt -152.238 93.5739
vn 0.0148987 -0.25839 -0.965926
v 0.0108609 0.983586 0.256065
vt -152.063 93.5638
v -3.86826 0.759918 0.256065
vt 0.653503 84.6822
vt 0.743009 86.2212
vt -152.062 95.1079
f 293/1263/323 292/1264/324 335/1265/324 336/1266/324 334/1267/323 333/1268/323 

vt -147.491 163.9
vt -147.587 162.361
vn 0.028782 -0.499171 -0.866025
v 0.0108609 0.947349 0.271051
vt -147.331 162.345
v -3.86618 0.7238 0.271051
vt 5.2652 152.822
vt 5.36122 154.36
vt -147.317 163.889
f 292/1269/324 291/1270/325 337/1271/325 338/1272/325 336/1273/324 335/1274/324 

vt -141.618 223.053
vt -141.73 221.516
vt -141.403 221.492
vt 11.0172 210.414
vt 11.1289 211.952
vt -141.362 223.035
f 291/1275/325 281/1276/303 286/1277/303 285/1278/303 338/1279/325 337/1280/325 

vt -282.292 43.0146
vn -0.998342 -0.057564 -0
vt -280.868 43.6045
vt -279.645 44.543
vt -278.706 45.7661
vt -278.116 47.1904
vt -277.915 48.7189
vt -278.116 50.2473
vt -278.706 51.6716
vt -279.645 52.8947
vt -280.868 53.8332
vt -282.292 54.4231
vt -283.821 54.6244
vt -285.349 54.4231
vt -286.773 53.8332
vt -287.997 52.8947
vt -288.935 51.6716
vt -289.525 50.2473
vt -289.726 48.7189
vt -289.525 47.1904
vt -288.935 45.7661
vt -287.997 44.543
vt -286.773 43.6045
v -3.86215 0.654028 0.362131
vt -285.349 43.0146
v -3.86186 0.648925 0.400954
vt -283.821 42.8133
f 311/1281/326 310/1282/326 314/1283/326 316/1284/326 318/1285/326 320/1286/326 321/1287/326 322/1288/326 323/1289/326 324/1290/326 325/1291/326 327/1292/326 328/1293/326 329/1294/326 330/1295/326 331/1296/326 332/1297/326 334/1298/326 336/1299/326 338/1300/326 285/1301/326 284/1302/326 339/1303/326 340/1304/326 

vt -113.697 301.941
vt -113.926 300.416
vn 0.0556026 -0.964324 -0.258819
v 0.0108609 0.877344 0.362131
vt -113.515 300.354
vt 37.514 277.598
vt 37.7437 279.123
vt -113.319 301.884
f 282/1305/304 290/1306/327 341/1307/327 339/1308/327 284/1309/304 283/1310/304 

vt -27.4048 327.526
vt -28.0278 326.116
vn 0.057564 -0.998342 -8.39852e-17
v 0.0108609 0.872225 0.400954
vt -27.6372 325.943
vt 112.062 264.232
vt 112.685 265.642
vt -27.0248 327.358
f 290/1311/327 289/1312/328 342/1313/328 340/1314/328 339/1315/327 341/1316/327 

vt 255.437 -188.678
vt 254.814 -187.267
vt 254.434 -187.435
vt 114.724 -249.152
vt 115.347 -250.562
vt 255.046 -188.85
f 289/1317/328 288/1318/306 312/1319/306 311/1320/306 340/1321/328 342/1322/328 

g Mesh4 hull1 Model

v 0.0241342 1.16939 -5.03518
vt 497.842 -149.72
vn 0.202787 0.979223 -8.63405e-15
v -0.00520726 1.17155 -5.03518
vt 497.842 -148.561
vn 0.0732382 0.997314 -8.87973e-15
v -0.00710797 1.17169 -5.03518
vt 497.842 -148.486
vn -0.057564 0.998342 -8.95406e-15
vt 283.821 -148.486
v -0.00710797 1.17169 6.21482
vt 54.9285 -148.486
v -0.00520726 1.17155 6.21482
vt 54.9285 -148.561
v 0.0241342 1.16939 6.21482
vt 54.9285 -149.72
f 343/1323/329 344/1324/330 345/1325/331 326/1326/331 346/1327/331 347/1328/330 348/1329/329 

v 0.0578386 0.945719 -5.03518
vt -156.111 54.6726
vn -8.30636e-15 -5.04061e-15 -1
v 0.042468 0.940367 -5.03518
vt -155.506 54.4619
v 0.0656825 0.951589 -5.03518
vt -156.42 54.9037
v 0.0893963 0.972058 -5.03518
vt -157.354 55.7096
v 0.107004 0.997967 -5.03518
vt -158.047 56.7297
v 0.117306 1.02755 -5.03518
vt -158.453 57.8944
v 0.119601 1.05879 -5.03518
vt -158.543 59.1244
v 0.113731 1.08956 -5.03518
vt -158.312 60.3358
v 0.100097 1.11777 -5.03518
vt -157.775 61.4462
v 0.0796274 1.14148 -5.03518
vt -156.969 62.3798
v 0.053718 1.15909 -5.03518
vt -155.949 63.0731
vt -154.784 63.4787
vt -153.629 63.5635
v 0.010828 1.17272 -5.03518
vt -154.261 63.6099
v 0.0415994 1.16685 -5.03518
vt -155.472 63.3788
v 0.069803 1.15322 -5.03518
vt -156.582 62.842
v 0.0935169 1.13275 -5.03518
vt -157.516 62.0361
v 0.111125 1.10684 -5.03518
vt -158.209 61.0161
v 0.121427 1.07726 -5.03518
vt -158.615 59.8513
v 0.123721 1.04602 -5.03518
vt -158.705 58.6213
v 0.117851 1.01524 -5.03518
vt -158.474 57.4099
v 0.104217 0.987041 -5.03518
vt -157.937 56.2995
v 0.0837479 0.963327 -5.03518
vt -157.131 55.3659
f 349/1330/332 350/1331/332 351/1332/332 352/1333/332 353/1334/332 354/1335/332 355/1336/332 356/1337/332 357/1338/332 358/1339/332 359/1340/332 343/1341/332 344/1342/332 360/1343/332 361/1344/332 362/1345/332 363/1346/332 364/1347/332 365/1348/332 366/1349/332 367/1350/332 368/1351/332 369/1352/332 

vt 497.842 164.767
vn 0.328867 -0.944376 8.19292e-15
vt 497.842 165.408
vn 0.449319 -0.893371 7.68772e-15
v 0.0578386 0.945719 6.21482
vt 54.9285 165.408
v 0.042468 0.940367 6.21482
vt 54.9285 164.767
v 0.033196 0.937138 6.21482
vt 54.9285 164.381
v 0.0282548 0.935417 6.21482
vt 54.9285 164.175
vn 0.202787 -0.979223 8.56851e-15
v 0.0282548 0.935417 -5.03518
vt 497.842 164.175
v 0.033196 0.937138 -5.03518
vt 497.842 164.381
f 350/1353/333 349/1354/334 370/1355/334 371/1356/333 372/1357/333 373/1358/335 374/1359/335 375/1360/333 

vt 497.842 159.847
vt 497.842 161.081
vn 0.66523 -0.746638 6.28443e-15
v 0.0837479 0.963327 6.21482
vt 54.9285 161.081
vt 54.9285 159.847
f 349/1361/334 369/1362/336 376/1363/336 370/1364/334 

vt 497.842 144.585
vt 497.842 145.818
vn 0.835807 -0.549023 4.44606e-15
v 0.104217 0.987041 6.21482
vt 54.9285 145.818
vt 54.9285 144.585
f 369/1365/336 368/1366/337 377/1367/337 376/1368/336 

vt 497.842 119.427
vt 497.842 120.66
vn 0.949425 -0.313992 2.30417e-15
v 0.117851 1.01524 6.21482
vt 54.9285 120.66
vt 54.9285 119.427
f 368/1369/337 367/1370/338 378/1371/338 377/1372/337 

vt 497.842 86.0881
vt 497.842 87.3214
vn 0.998342 -0.057564 2.71855e-19
v 0.123721 1.04602 6.21482
vt 54.9285 87.3214
vt 54.9285 86.0881
f 367/1373/338 366/1374/339 379/1375/339 378/1376/338 

vt 497.842 46.8406
vt 497.842 48.0739
vn 0.979223 0.202787 -2.30622e-15
v 0.121427 1.07726 6.21482
vt 54.9285 48.0739
vt 54.9285 46.8406
f 366/1377/339 365/1378/340 380/1379/340 379/1380/339 

vt 497.842 4.35903
vt 497.842 5.59235
vn 0.893371 0.449319 -4.45823e-15
v 0.111125 1.10684 6.21482
vt 54.9285 5.59235
vt 54.9285 4.35903
f 365/1381/340 364/1382/341 381/1383/341 380/1384/340 

vt 497.842 -38.4616
vt 497.842 -37.2283
vn 0.746638 0.66523 -6.30712e-15
v 0.0935169 1.13275 6.21482
vt 54.9285 -37.2283
vt 54.9285 -38.4616
f 364/1385/341 363/1386/342 382/1387/342 381/1388/341 

vt 497.842 -78.7032
vt 497.842 -77.4699
vn 0.549023 0.835807 -7.72462e-15
v 0.069803 1.15322 6.21482
vt 54.9285 -77.4699
vt 54.9285 -78.7032
f 363/1389/342 362/1390/343 383/1391/343 382/1392/342 

vt 497.842 -113.623
vt 497.842 -112.39
vn 0.313992 0.949425 -8.62808e-15
v 0.0415994 1.16685 6.21482
vt 54.9285 -112.39
vt 54.9285 -113.623
f 362/1393/343 361/1394/344 384/1395/344 383/1396/343 

vt 497.842 -140.842
vt 497.842 -139.609
vn 0.057564 0.998342 -8.94818e-15
v 0.010828 1.17272 0.400954
vt 283.821 -139.609
v 0.010828 1.17272 6.21482
vt 54.9285 -139.609
vt 54.9285 -140.842
f 361/1397/344 360/1398/345 385/1399/345 386/1400/345 384/1401/344 

v -0.00948732 1.17123 -5.03518
vt -497.842 157.703
vn -0.0732382 0.997314 -8.87537e-15
v -0.0204142 1.17043 -5.03518
vt -497.842 157.272
vn -0.202787 0.979223 -8.63836e-15
v -0.0204142 1.17043 6.21482
vt -54.9285 157.272
v -0.00948732 1.17123 6.21482
vt -54.9285 157.703
vt -54.9285 157.872
vt -54.9285 158.505
vt -283.821 158.505
vt -497.842 158.505
vt -497.842 157.872
f 387/1402/346 388/1403/347 389/1404/347 390/1405/346 347/1406/346 386/1407/345 385/1408/345 360/1409/345 344/1410/346 

vt -153.031 63.5195
vn 8.35665e-13 -4.18224e-12 -1
vt -153.461 63.5511
v -0.028555 1.1676 -5.03518
vt -152.71 63.4079
f 388/1411/348 387/1412/348 391/1413/348

v -0.0508638 1.15954 -5.03518
vt -151.832 63.0908
vn 5.83592e-14 9.92514e-15 -1
v -0.0487415 1.16057 -5.03518
vt -151.915 63.1312
vt -155.141 54.3348
v 0.0216225 0.93493 -5.03518
vt -154.686 54.2479
v -0.00298739 0.933123 -5.03518
vt -153.717 54.1767
v -0.0337588 0.938993 -5.03518
vt -152.505 54.4078
v -0.0619624 0.952627 -5.03518
vt -151.395 54.9446
v -0.0856763 0.973096 -5.03518
vt -150.461 55.7505
v -0.103284 0.999005 -5.03518
vt -149.768 56.7705
v -0.113586 1.02859 -5.03518
vt -149.362 57.9352
v -0.115881 1.05983 -5.03518
vt -149.272 59.1652
v -0.110011 1.0906 -5.03518
vt -149.503 60.3767
v -0.0963766 1.11881 -5.03518
vt -150.04 61.4871
v -0.0759074 1.14252 -5.03518
vt -150.846 62.4207
f 392/1414/349 393/1415/349 391/1413/349 387/1412/349 344/1342/349 343/1341/349 359/1340/349 358/1339/349 357/1338/349 356/1337/349 355/1336/349 354/1335/349 353/1334/349 352/1333/349 351/1332/349 350/1331/349 375/1416/349 394/1417/349 395/1418/349 396/1419/349 397/1420/349 398/1421/349 399/1422/349 400/1423/349 401/1424/349 402/1425/349 403/1426/349 404/1427/349 

v -0.049998 1.16013 -5.03518
vt -151.866 63.1139
vn 2.05465e-11 -4.25025e-11 -1
f 405/1428/350 393/1415/350 392/1414/350

vt -497.842 164.227
vn -0.328867 0.944376 -8.25354e-15
vt -497.842 164.175
vn -0.449319 0.893371 -7.72695e-15
v -0.049998 1.16013 6.21482
vt -54.9285 164.175
v -0.0487415 1.16057 6.21482
vt -54.9285 164.227
v -0.028555 1.1676 6.21482
vt -54.9285 165.069
vt -54.9285 165.408
vt -497.842 165.408
vt -497.842 165.069
f 393/1429/351 405/1430/352 406/1431/352 407/1432/351 408/1433/351 389/1434/347 388/1435/347 391/1436/351 

vt -497.842 161.039
vn -0.562083 0.827081 -7.06816e-15
vt -497.842 159.847
vn -0.66523 0.746638 -6.30294e-15
v -0.0759074 1.14252 6.21482
vt -54.9285 159.847
v -0.0508638 1.15954 6.21482
vt -54.9285 161.039
vt -54.9285 161.081
vt -497.842 161.081
f 392/1437/353 404/1438/354 409/1439/354 410/1440/353 406/1441/352 405/1442/352 

v -0.066083 1.15218 -5.03518
vt -151.233 62.8011
vn 1.60546e-15 -7.28805e-15 -1
v 0.0067074 0.932085 -5.03518
vt -154.098 54.1358
v -0.0245348 0.934379 -5.03518
vt -152.868 54.2262
v -0.0541186 0.944681 -5.03518
vt -151.704 54.6318
v -0.0800279 0.962289 -5.03518
vt -150.684 55.325
v -0.100497 0.986003 -5.03518
vt -149.878 56.2586
v -0.114131 1.01421 -5.03518
vt -149.341 57.369
v -0.120001 1.04498 -5.03518
vt -149.11 58.5805
v -0.117707 1.07622 -5.03518
vt -149.2 59.8105
v -0.107405 1.1058 -5.03518
vt -149.606 60.9752
v -0.0897969 1.13171 -5.03518
vt -150.299 61.9952
f 411/1443/355 392/1414/355 404/1427/355 403/1426/355 402/1425/355 401/1424/355 400/1423/355 399/1422/355 398/1421/355 397/1420/355 396/1419/355 395/1418/355 394/1417/355 412/1444/355 413/1445/355 414/1446/355 415/1447/355 416/1448/355 417/1449/355 418/1450/355 419/1451/355 420/1452/355 421/1453/355 

v -0.0378794 1.16582 -5.03518
vt -497.842 164.724
vn -0.313992 0.949425 -8.63702e-15
vt -497.842 164.249
vn -0.435231 0.900319 -8.25108e-15
vt -497.842 164.156
vt -497.842 163.491
vn -0.549023 0.835807 -7.72989e-15
v -0.066083 1.15218 6.21482
vt -54.9285 163.491
vt -54.9285 164.156
vt -54.9285 164.249
v -0.0378794 1.16582 6.21482
vt -54.9285 164.724
f 422/1454/356 393/1455/357 392/1456/357 411/1457/358 423/1458/358 410/1459/357 407/1460/357 424/1461/356 

vt -152.343 63.3379
vn -1.75747e-12 5.56025e-12 -1
f 422/1462/359 391/1413/359 393/1415/359

vt -497.842 162.746
vt -497.842 162.651
vn -0.187381 0.982287 -8.87518e-15
vt -497.842 161.887
vt -497.842 161.513
vt -54.9285 161.513
vt -54.9285 161.887
vt -54.9285 162.651
vt -54.9285 162.746
vt -283.821 162.746
f 345/1463/331 387/1464/360 391/1465/360 422/1466/356 424/1467/356 408/1468/360 390/1469/360 346/1470/331 326/1471/331 

vt -153.554 63.569
vn -1.51925e-12 2.06883e-11 -1
f 345/1472/361 344/1342/361 387/1412/361

vt 152.343 63.3379
vn 1.49963e-12 -4.61442e-12 1
vt 151.915 63.1312
vt 152.71 63.4079
f 424/1473/362 407/1474/362 408/1475/362

vt 153.461 63.5511
vn -5.93172e-14 -7.3638e-15 1
vt 151.832 63.0908
vt 150.846 62.4207
v -0.0963766 1.11881 6.21482
vt 150.04 61.4871
v -0.110011 1.0906 6.21482
vt 149.503 60.3767
v -0.115881 1.05983 6.21482
vt 149.272 59.1652
v -0.113586 1.02859 6.21482
vt 149.362 57.9352
v -0.103284 0.999005 6.21482
vt 149.768 56.7705
v -0.0856763 0.973096 6.21482
vt 150.461 55.7505
v -0.0619624 0.952627 6.21482
vt 151.395 54.9446
v -0.0337588 0.938993 6.21482
vt 152.505 54.4078
v -0.00298739 0.933123 6.21482
vt 153.717 54.1767
v 0.0216225 0.93493 6.21482
vt 154.686 54.2479
vt 155.141 54.3348
vt 155.506 54.4619
v 0.0656825 0.951589 6.21482
vt 156.42 54.9037
v 0.0893963 0.972058 6.21482
vt 157.354 55.7096
v 0.107004 0.997967 6.21482
vt 158.047 56.7297
v 0.117306 1.02755 6.21482
vt 158.453 57.8944
v 0.119601 1.05879 6.21482
vt 158.543 59.1244
v 0.113731 1.08956 6.21482
vt 158.312 60.3358
v 0.100097 1.11777 6.21482
vt 157.775 61.4462
v 0.0796274 1.14148 6.21482
vt 156.969 62.3798
v 0.053718 1.15909 6.21482
vt 155.949 63.0731
vt 154.784 63.4787
vt 153.629 63.5635
f 390/1476/363 408/1475/363 407/1474/363 410/1477/363 409/1478/363 425/1479/363 426/1480/363 427/1481/363 428/1482/363 429/1483/363 430/1484/363 431/1485/363 432/1486/363 433/1487/363 434/1488/363 372/1489/363 371/1490/363 435/1491/363 436/1492/363 437/1493/363 438/1494/363 439/1495/363 440/1496/363 441/1497/363 442/1498/363 443/1499/363 348/1500/363 347/1501/363 

vt 153.031 63.5195
vn -1.27798e-12 5.70703e-12 1
f 389/1502/364 408/1475/364 390/1476/364

vt 151.866 63.1139
vn -1.84919e-11 3.82522e-11 1
f 406/1503/365 410/1477/365 407/1474/365

v 0.0067074 0.932085 6.21482
vt 154.098 54.1358
vn -2.22654e-14 -1.60892e-15 1
vt 151.233 62.8011
v -0.0897969 1.13171 6.21482
vt 150.299 61.9952
v -0.107405 1.1058 6.21482
vt 149.606 60.9752
v -0.117707 1.07622 6.21482
vt 149.2 59.8105
v -0.120001 1.04498 6.21482
vt 149.11 58.5805
v -0.114131 1.01421 6.21482
vt 149.341 57.369
v -0.100497 0.986003 6.21482
vt 149.878 56.2586
v -0.0800279 0.962289 6.21482
vt 150.684 55.325
v -0.0541186 0.944681 6.21482
vt 151.704 54.6318
v -0.0245348 0.934379 6.21482
vt 152.868 54.2262
f 444/1504/366 434/1488/366 433/1487/366 432/1486/366 431/1485/366 430/1484/366 429/1483/366 428/1482/366 427/1481/366 426/1480/366 425/1479/366 409/1478/366 410/1477/366 423/1505/366 445/1506/366 446/1507/366 447/1508/366 448/1509/366 449/1510/366 450/1511/366 451/1512/366 452/1513/366 453/1514/366 

vt 497.842 161.513
vn 0.057564 -0.998342 8.88038e-15
vt 497.842 162.111
vn 0.187381 -0.982287 8.79734e-15
vt 497.842 162.575
v 0.0374788 0.937955 -5.03518
vt 497.842 162.746
vn 0.313992 -0.949425 8.56932e-15
v 0.0374788 0.937955 6.21482
vt 54.9285 162.746
vt 54.9285 162.575
vt 54.9285 162.111
vt 54.9285 161.513
f 412/1515/367 394/1516/368 375/1517/368 454/1518/369 455/1519/369 372/1520/368 434/1521/368 444/1522/367 

vt -154.947 54.267
vn -1.41584e-12 7.42208e-12 -1
f 374/1523/370 394/1417/370 375/1416/370

vt 497.842 158.243
vn 0.0732382 -0.997314 8.79748e-15
vt 497.842 158.505
vt 54.9285 158.505
vt 54.9285 158.243
vt 54.9285 157.272
vn -0.057564 -0.998342 8.88045e-15
vt 497.842 157.272
f 394/1524/371 374/1525/335 373/1526/335 434/1527/371 433/1528/372 395/1529/372 

vt 154.947 54.267
vn 1.13996e-12 -6.62987e-12 1
f 373/1530/373 372/1489/373 434/1488/373

vt -497.842 -139.609
vn -0.313992 -0.949425 8.58468e-15
vt -497.842 -140.842
vt -54.9285 -140.842
vt -54.9285 -139.609
f 396/1531/374 395/1532/372 433/1533/372 432/1534/374 

vt -497.842 -112.39
vn -0.549023 -0.835807 7.69686e-15
vt -497.842 -113.623
vt -54.9285 -113.623
vt -54.9285 -112.39
f 397/1535/375 396/1536/374 432/1537/374 431/1538/375 

vt -497.842 -77.4699
vn -0.746638 -0.66523 6.28445e-15
vt -497.842 -78.7032
vt -54.9285 -78.7032
vt -54.9285 -77.4699
f 398/1539/376 397/1540/375 431/1541/375 430/1542/376 

vt -497.842 -37.2283
vn -0.893371 -0.449319 4.44606e-15
vt -497.842 -38.4616
vt -54.9285 -38.4616
vt -54.9285 -37.2283
f 399/1543/377 398/1544/376 430/1545/376 429/1546/377 

vt -497.842 5.59235
vn -0.979223 -0.202787 2.30417e-15
vt -497.842 4.35903
vt -54.9285 4.35903
vt -54.9285 5.59235
f 400/1547/378 399/1548/377 429/1549/377 428/1550/378 

vt -497.842 48.0739
vn -0.998342 0.057564 2.71855e-19
vt -497.842 46.8406
vt -54.9285 46.8406
vt -54.9285 48.0739
f 401/1551/379 400/1552/378 428/1553/378 427/1554/379 

vt -497.842 87.3214
vn -0.949425 0.313992 -2.30622e-15
vt -497.842 86.0881
vt -54.9285 86.0881
vt -54.9285 87.3214
f 402/1555/380 401/1556/379 427/1557/379 426/1558/380 

vt -497.842 120.66
vn -0.835807 0.549023 -4.45823e-15
vt -497.842 119.427
vt -54.9285 119.427
vt -54.9285 120.66
f 403/1559/381 402/1560/380 426/1561/380 425/1562/381 

vt -497.842 145.818
vt -497.842 144.585
vt -54.9285 144.585
vt -54.9285 145.818
f 404/1563/354 403/1564/381 425/1565/381 409/1566/354 

vt -155.31 54.3669
vn 2.98194e-12 -8.56298e-12 -1
f 454/1567/382 375/1416/382 350/1331/382

vt 497.842 163.491
vt 497.842 163.709
vn 0.435231 -0.900319 8.19467e-15
vt 497.842 164.724
vn 0.549023 -0.835807 7.68863e-15
vt 54.9285 164.724
vt 54.9285 163.709
vt 54.9285 163.491
f 454/1568/369 350/1569/383 351/1570/384 435/1571/384 371/1572/383 455/1573/369 

vt 497.842 154.285
vt 497.842 155.518
vn 0.746638 -0.66523 6.28445e-15
vt 54.9285 155.518
vt 54.9285 154.285
f 351/1574/384 352/1575/385 436/1576/385 435/1577/384 

vt 497.842 134.522
vt 497.842 135.756
vn 0.893371 -0.449319 4.44606e-15
vt 54.9285 135.756
vt 54.9285 134.522
f 352/1578/385 353/1579/386 437/1580/386 436/1581/385 

vt 497.842 105.551
vt 497.842 106.784
vn 0.979223 -0.202787 2.30417e-15
vt 54.9285 106.784
vt 54.9285 105.551
f 353/1582/386 354/1583/387 438/1584/387 437/1585/386 

vt 497.842 69.3437
vt 497.842 70.577
vn 0.998342 0.057564 2.71855e-19
vt 54.9285 70.577
vt 54.9285 69.3437
f 354/1586/387 355/1587/388 439/1588/388 438/1589/387 

vt 497.842 28.3691
vt 497.842 29.6024
vn 0.949425 0.313992 -2.30622e-15
vt 54.9285 29.6024
vt 54.9285 28.3691
f 355/1590/388 356/1591/389 440/1592/389 439/1593/388 

vt 497.842 -14.5808
vt 497.842 -13.3475
vn 0.835807 0.549023 -4.45823e-15
vt 54.9285 -13.3475
vt 54.9285 -14.5808
f 356/1594/389 357/1595/390 441/1596/390 440/1597/389 

vt 497.842 -56.579
vt 497.842 -55.3457
vn 0.66523 0.746638 -6.30709e-15
vt 54.9285 -55.3457
vt 54.9285 -56.579
f 357/1598/390 358/1599/391 442/1600/391 441/1601/390 

vt 497.842 -94.7636
vt 497.842 -93.5302
vn 0.449319 0.893371 -7.7246e-15
vt 54.9285 -93.5302
vt 54.9285 -94.7636
f 358/1602/391 359/1603/392 443/1604/392 442/1605/391 

vt 497.842 -126.532
vt 497.842 -125.299
vt 54.9285 -125.299
vt 54.9285 -126.532
f 359/1606/392 343/1607/329 348/1608/329 443/1609/392 

vt 154.261 63.6099
vn 1.50264e-14 2.97791e-15 1
vt 156.111 54.6726
vt 157.131 55.3659
vt 157.937 56.2995
vt 158.474 57.4099
vt 158.705 58.6213
vt 158.615 59.8513
vt 158.209 61.0161
vt 157.516 62.0361
vt 156.582 62.842
vt 155.472 63.3788
f 386/1610/393 347/1501/393 348/1500/393 443/1499/393 442/1498/393 441/1497/393 440/1496/393 439/1495/393 438/1494/393 437/1493/393 436/1492/393 435/1491/393 371/1490/393 370/1611/393 376/1612/393 377/1613/393 378/1614/393 379/1615/393 380/1616/393 381/1617/393 382/1618/393 383/1619/393 384/1620/393 

vt 155.31 54.3669
vn -2.98194e-12 8.56298e-12 1
f 455/1621/394 371/1490/394 372/1489/394

vt -497.842 -148.486
vn -0.202787 -0.979223 8.58467e-15
vt -497.842 -149.72
vt -54.9285 -149.72
vt -54.9285 -148.486
f 413/1622/395 412/1623/367 444/1624/367 453/1625/395 

vt -497.842 -125.299
vn -0.449319 -0.893371 7.69683e-15
vt -497.842 -126.532
vt -54.9285 -126.532
vt -54.9285 -125.299
f 414/1626/396 413/1627/395 453/1628/395 452/1629/396 

vt -497.842 -93.5302
vn -0.66523 -0.746638 6.28443e-15
vt -497.842 -94.7636
vt -54.9285 -94.7636
vt -54.9285 -93.5302
f 415/1630/397 414/1631/396 452/1632/396 451/1633/397 

vt -497.842 -55.3457
vn -0.835807 -0.549023 4.44606e-15
vt -497.842 -56.579
vt -54.9285 -56.579
vt -54.9285 -55.3457
f 416/1634/398 415/1635/397 451/1636/397 450/1637/398 

vt -497.842 -13.3475
vn -0.949425 -0.313992 2.30417e-15
vt -497.842 -14.5808
vt -54.9285 -14.5808
vt -54.9285 -13.3475
f 417/1638/399 416/1639/398 450/1640/398 449/1641/399 

vt -497.842 29.6024
vn -0.998342 -0.057564 2.71855e-19
vt -497.842 28.3691
vt -54.9285 28.3691
vt -54.9285 29.6024
f 418/1642/400 417/1643/399 449/1644/399 448/1645/400 

vt -497.842 70.577
vn -0.979223 0.202787 -2.30622e-15
vt -497.842 69.3437
vt -54.9285 69.3437
vt -54.9285 70.577
f 419/1646/401 418/1647/400 448/1648/400 447/1649/401 

vt -497.842 106.784
vn -0.893371 0.449319 -4.45823e-15
vt -497.842 105.551
vt -54.9285 105.551
vt -54.9285 106.784
f 420/1650/402 419/1651/401 447/1652/401 446/1653/402 

vt -497.842 135.756
vn -0.746638 0.66523 -6.30712e-15
vt -497.842 134.522
vt -54.9285 134.522
vt -54.9285 135.756
f 421/1654/403 420/1655/402 446/1656/402 445/1657/403 

vt -497.842 155.518
vt -497.842 154.285
vt -54.9285 154.285
vt -54.9285 155.518
f 411/1658/358 421/1659/403 445/1660/403 423/1661/358 

vt 153.554 63.569
vn 1.81473e-12 -2.70088e-11 1
f 346/1662/404 390/1476/404 347/1501/404

g Mesh5 hull1 Model

v -0.00982577 1.14138 5.82598
vt -158.272 -8.30365
v -0.00845357 1.11759 5.79492
vt -158.417 -9.83843
v -3.76222 0.901145 5.79492
vt -11.0453 -23.797
v -3.76359 0.924943 5.82598
vt -10.8999 -22.2622
f 456/1663/319 457/1664/320 458/1665/320 459/1666/319 

v 0.0051298 0.882007 5.97598
vt 64.3314 43.2108
vn 0.998342 0.057564 -1.00902e-18
v 0.0059924 0.867047 5.93981
vt 65.7557 42.6209
v 0.00628662 0.861944 5.90098
vt 67.2841 42.4196
v 0.0059924 0.867047 5.86216
vt 68.8126 42.6209
v 0.0051298 0.882007 5.82598
vt 70.2369 43.2108
v 0.0037576 0.905805 5.79492
vt 71.46 44.1493
v 0.00196931 0.93682 5.77108
vt 72.3985 45.3724
v -0.000113188 0.972937 5.75609
vt 72.9884 46.7967
v -0.00234799 1.0117 5.75098
vt 73.1897 48.3252
v -0.00458279 1.05045 5.75609
vt 72.9884 49.8536
v -0.00666529 1.08657 5.77108
vt 72.3985 51.2779
vt 71.46 52.501
vt 70.2369 53.4395
v -0.0106884 1.15634 5.86216
vt 68.8126 54.0294
v -0.0109826 1.16145 5.90098
vt 67.2841 54.2307
v -0.0106884 1.15634 5.93981
vt 65.7557 54.0294
v -0.00982577 1.14138 5.97598
vt 64.3314 53.4395
v -0.00845357 1.11759 6.00705
vt 63.1083 52.501
v -0.00666529 1.08657 6.03089
vt 62.1698 51.2779
v -0.00458279 1.05045 6.04587
vt 61.5799 49.8536
v -0.00234799 1.0117 6.05098
vt 61.3786 48.3252
v -0.000113188 0.972937 6.04587
vt 61.5799 46.7967
v 0.00196931 0.93682 6.03089
vt 62.1698 45.3724
v 0.0037576 0.905805 6.00705
vt 63.1083 44.1493
f 460/1667/405 461/1668/405 462/1669/405 463/1670/405 464/1671/405 465/1672/405 466/1673/405 467/1674/405 468/1675/405 469/1676/405 470/1677/405 457/1678/405 456/1679/405 471/1680/405 472/1681/405 473/1682/405 474/1683/405 475/1684/405 476/1685/405 477/1686/405 478/1687/405 479/1688/405 480/1689/405 481/1690/405 

vt 161.655 -20.5848
vt 161.425 -19.0603
v -3.74864 0.665566 5.97598
vt 15.0459 -41.1156
v -3.74777 0.650606 5.93981
vt 15.2756 -42.64
f 461/1691/306 460/1692/307 482/1693/307 483/1694/306 

vt 158.417 -9.83843
vt 158.272 -8.30365
v -3.75001 0.689365 6.00705
vt 10.8999 -22.2622
vt 11.0453 -23.797
f 460/1695/307 481/1696/308 484/1697/308 482/1698/307 

vt 156.617 7.98184
vt 156.505 9.51944
v -3.7518 0.720379 6.03089
vt 8.86325 -1.21095
vt 8.975 -2.74854
f 481/1699/308 480/1700/309 485/1701/309 484/1702/308 

vt 155.35 27.858
vt 155.254 29.3967
v -3.75388 0.756496 6.04587
vt 7.51 20.1759
vt 7.60603 18.6372
f 480/1703/309 479/1704/310 486/1705/310 485/1706/309 

vt 154.292 47.3966
vt 154.203 48.9356
vn 1.29915e-16 -2.23961e-15 1
v -3.75611 0.795255 6.05098
vt 6.42082 40.341
vt 6.51033 38.802
f 479/1707/310 478/1708/406 487/1709/406 486/1710/310 

vt 153.272 64.9316
vt 153.183 66.4707
v -3.75835 0.834013 6.04587
vt 5.40103 57.8761
vt 5.49054 56.3371
f 478/1711/406 477/1712/312 488/1713/312 487/1714/406 

vt 152.142 79.255
vt 152.046 80.7937
v -3.76043 0.87013 6.03089
vt 4.30229 71.5729
vt 4.39832 70.0343
f 477/1715/312 476/1716/313 489/1717/313 488/1718/312 

vt 150.679 89.6863
vt 150.567 91.2239
v -3.76222 0.901145 6.00705
vt 2.9251 80.4935
vt 3.03685 78.9559
f 476/1719/313 475/1720/314 490/1721/314 489/1722/313 

vt 148.35 96.4461
vt 148.205 97.9809
vn -0.0456686 0.792038 0.608761
v -3.76359 0.924943 5.97598
vt 0.833039 84.0223
vt 0.978407 82.4876
f 475/1723/314 474/1724/407 491/1725/407 490/1726/314 

v -3.74748 0.645503 5.90098
vt -7.33273 24.0395
vt -6.65292 35.4278
vt -154.421 44.2486
v 0.000157644 1.14196 5.97598
vt -154.814 44.2721
v 0.01627 0.86252 5.90098
vt -155.494 32.8838
v 0.0108609 0.862208 5.90098
vt -155.281 32.8711
vt -155.101 32.8603
f 492/1727/322 491/1728/322 474/1729/322 493/1730/322 494/1731/322 495/1732/322 462/1733/322 

vt -64.3314 53.4395
vn -0.998342 -0.057564 -4.45993e-16
v -3.76445 0.939903 5.93981
vt -65.7557 54.0294
v -3.76475 0.945006 5.90098
vt -67.2841 54.2307
v -3.76445 0.939903 5.86216
vt -68.8126 54.0294
vt -70.2369 53.4395
vt -71.46 52.501
v -3.76043 0.87013 5.77108
vt -72.3985 51.2779
v -3.75835 0.834013 5.75609
vt -72.9884 49.8536
v -3.75611 0.795255 5.75098
vt -73.1897 48.3252
v -3.75388 0.756496 5.75609
vt -72.9884 46.7967
v -3.7518 0.720379 5.77108
vt -72.3985 45.3724
v -3.75001 0.689365 5.79492
vt -71.46 44.1493
v -3.74864 0.665566 5.82598
vt -70.2369 43.2108
v -3.74777 0.650606 5.86216
vt -68.8126 42.6209
vt -67.2841 42.4196
f 491/1734/408 496/1735/408 497/1736/408 498/1737/408 459/1738/408 458/1739/408 499/1740/408 500/1741/408 501/1742/408 502/1743/408 503/1744/408 504/1745/408 505/1746/408 506/1747/408 492/1748/408 

vt 143.132 102.352
vn -0.0531822 0.922348 0.382683
vt 142.902 103.877
vt -3.47728 81.8217
vt -3.24759 80.2972
f 474/1749/409 473/1750/316 496/1751/316 491/1752/409 

vt 114.221 129.437
vt 113.598 130.848
vn -0.057564 0.998342 -6.15892e-16
vt -21.8099 71.0314
vt -21.1869 69.6212
f 473/1753/316 472/1754/410 497/1755/410 496/1756/316 

vt -167.509 8.80772
vt -168.132 7.39753
vt -32.7239 -52.4187
vt -32.101 -51.0085
f 472/1757/410 471/1758/318 498/1759/318 497/1760/410 

vt -161.425 -19.0603
vt -161.655 -20.5848
vt -15.2756 -42.64
vt -15.0459 -41.1156
f 471/1761/318 456/1762/319 459/1763/319 498/1764/318 

vt -3.62788 79.9088
vn -0.0535015 0.927885 0.369007
v -3.74748 0.645503 6.68098
vt 0.982524 50.4033
v 0.0108609 0.862208 6.68098
vt 147.418 73.2847
v 0.01627 0.86252 6.68098
vt 147.628 73.3176
vt 143.018 102.823
vt 142.629 102.762
f 491/1765/411 507/1766/411 508/1767/411 509/1768/411 493/1769/411 474/1770/411 

vn -0.998342 -0.057564 4.28611e-17
vt -36.5755 42.4196
vt -63.1083 52.501
vt -62.1698 51.2779
vt -61.5799 49.8536
vt -61.3786 48.3252
vt -61.5799 46.7967
vt -62.1698 45.3724
vt -63.1083 44.1493
vt -64.3314 43.2108
vt -65.7557 42.6209
f 492/1748/412 507/1771/412 491/1734/412 490/1772/412 489/1773/412 488/1774/412 487/1775/412 486/1776/412 485/1777/412 484/1778/412 482/1779/412 483/1780/412 

vt 36.5755 8.75215
vn 0.057564 -0.998342 3.48346e-15
vt 67.2841 8.75215
vt 67.2841 156.784
vt 67.2841 156.964
vt 67.2841 157.177
vt 36.5755 157.177
vt 36.5755 156.964
f 507/1781/413 492/1782/413 462/1783/413 495/1784/413 494/1785/413 509/1786/413 508/1787/413 

vt 168.132 7.39753
vn 0.0570716 -0.989801 0.130526
vt 167.509 8.80772
vt 32.101 -51.0085
vt 32.7239 -52.4187
f 462/1788/414 461/1789/306 483/1790/306 492/1791/414 

vn -0.998342 -0.057564 4.32817e-15
f 491/1734/415 492/1748/415 483/1780/415 482/1779/415 484/1778/415 485/1777/415 486/1776/415 487/1775/415 488/1774/415 489/1773/415 490/1772/415 

vt -113.598 130.848
vt -114.221 129.437
vn 0.0570716 -0.989801 -0.130526
vt 21.1869 69.6212
vt 21.8099 71.0314
f 463/1792/327 462/1793/416 492/1794/416 506/1795/327 

vt -142.902 103.877
vt -143.132 102.352
vt 3.24759 80.2972
vt 3.47728 81.8217
f 464/1796/304 463/1797/327 506/1798/327 505/1799/304 

vt -148.205 97.9809
vt -148.35 96.4461
vt -0.978407 82.4876
vt -0.833039 84.0223
f 465/1800/303 464/1801/304 505/1802/304 504/1803/303 

vt -150.567 91.2239
vt -150.679 89.6863
vt -3.03685 78.9559
vt -2.9251 80.4935
f 466/1804/325 465/1805/303 504/1806/303 503/1807/325 

vt -152.046 80.7937
vt -152.142 79.255
vt -4.39832 70.0343
vt -4.30229 71.5729
f 467/1808/324 466/1809/325 503/1810/325 502/1811/324 

vt -153.183 66.4707
vn 1.38663e-16 -2.39358e-15 -1
vt -153.272 64.9316
vt -5.49054 56.3371
vt -5.40103 57.8761
f 468/1812/417 467/1813/324 502/1814/324 501/1815/417 

vt -154.203 48.9356
vt -154.292 47.3966
vt -6.51033 38.802
vt -6.42082 40.341
f 469/1816/322 468/1817/417 501/1818/417 500/1819/322 

vt -155.254 29.3967
vt -155.35 27.858
vt -7.60603 18.6372
vt -7.51 20.1759
f 470/1820/321 469/1821/322 500/1822/322 499/1823/321 

vt -156.505 9.51944
vt -156.617 7.98184
vt -8.975 -2.74854
vt -8.86325 -1.21095
f 457/1824/320 470/1825/321 499/1826/321 458/1827/320 

vn 0.998342 0.057564 -1.49159e-18
vt 36.5755 42.4196
f 494/1669/418 493/1683/418 509/1828/418

g Mesh6 hull1 Model

v -0.00108896 1.1112 -5.03748
vt 497.932 -148.897
vn -0.057564 0.998342 -3.60996e-15
v 0.0145321 1.11006 -5.03748
vt 497.932 -149.514
vn 0.202787 0.979223 -3.38285e-15
v 0.0145321 1.11006 -8.07748
vt 617.617 -149.514
v -0.00108896 1.1112 -8.07748
vt 617.617 -148.897
f 510/1829/419 511/1830/420 512/1831/420 513/1832/419 

v -0.0522472 1.02538 -5.03748
vt 151.777 57.8089
vn 8.83083e-15 -9.18113e-15 1
v -0.0485409 1.01993 -5.03748
vt 151.923 57.5942
v -0.0546006 1.03246 -5.03748
vt 151.685 58.0877
v -0.0575356 1.04785 -5.03748
vt 151.569 58.6935
v -0.0563885 1.06347 -5.03748
vt 151.614 59.3085
v -0.0512374 1.07826 -5.03748
vt 151.817 59.8908
v -0.0424334 1.09122 -5.03748
vt 152.164 60.4008
v -0.0305765 1.10145 -5.03748
vt 152.631 60.8038
v -0.0164747 1.10827 -5.03748
vt 153.186 61.0722
vt 153.791 61.1877
vt 154.406 61.1426
v 0.0292347 1.10494 -5.03748
vt 154.985 60.941
v 0.0201947 1.10931 -5.03748
vt 154.629 61.113
v 0.00480897 1.11224 -5.03748
vt 154.024 61.2286
v -0.0108121 1.11109 -5.03748
vt 153.409 61.1834
v -0.025604 1.10594 -5.03748
vt 152.826 60.9806
v -0.0385587 1.09714 -5.03748
vt 152.316 60.634
v -0.0487933 1.08528 -5.03748
vt 151.913 60.1672
v -0.0556104 1.07118 -5.03748
vt 151.645 59.612
v -0.0585454 1.05579 -5.03748
vt 151.529 59.0063
v -0.0573982 1.04017 -5.03748
vt 151.575 58.3913
f 514/1833/421 515/1834/421 516/1835/421 517/1836/421 518/1837/421 519/1838/421 520/1839/421 521/1840/421 522/1841/421 510/1842/421 511/1843/421 523/1844/421 524/1845/421 525/1846/421 526/1847/421 527/1848/421 528/1849/421 529/1850/421 530/1851/421 531/1852/421 532/1853/421 

v -0.0434432 1.01243 -5.03748
vt -497.932 -38.1156
vn -0.746638 -0.66523 2.50382e-15
v -0.0463385 1.01669 -5.03748
vt -497.932 -37.9128
vn -0.827081 -0.562083 2.20489e-15
vt -497.932 -37.7585
vt -497.932 -37.4989
vn -0.893371 -0.449319 1.80865e-15
v -0.0522472 1.02538 -8.07748
vt -617.617 -37.4989
v -0.0485409 1.01993 -8.07748
vt -617.617 -37.7585
v -0.0463385 1.01669 -8.07748
vt -617.617 -37.9128
v -0.0434432 1.01243 -8.07748
vt -617.617 -38.1156
f 533/1854/422 534/1855/423 515/1856/423 514/1857/424 535/1858/424 536/1859/423 537/1860/423 538/1861/422 

vt 152.124 57.2989
vn -7.38423e-12 -6.3739e-12 1
v -0.0403752 1.00978 -5.03748
vt 152.245 57.1946
vt 152.01 57.4666
f 533/1862/425 539/1863/425 534/1864/425

v -0.0315862 1.00219 -5.03748
vt -497.932 -78.3335
vn -0.549023 -0.835807 3.00966e-15
v -0.0330022 1.00341 -5.03748
vt -497.932 -78.2598
vn -0.653421 -0.756995 2.75991e-15
vt -497.932 -77.8764
vt -497.932 -77.7168
vt -617.617 -77.7168
v -0.0403752 1.00978 -8.07748
vt -617.617 -77.8764
v -0.0330022 1.00341 -8.07748
vt -617.617 -78.2598
v -0.0315862 1.00219 -8.07748
vt -617.617 -78.3335
f 540/1865/426 541/1866/427 539/1867/427 533/1868/422 538/1869/422 542/1870/427 543/1871/427 544/1872/426 

vt 152.591 56.8959
vn -1.50996e-11 -2.22184e-11 1
v -0.0302613 1.00155 -5.03748
vt 152.643 56.8707
vt 152.535 56.9441
f 540/1873/428 545/1874/428 541/1875/428

v -0.0174844 0.995374 -5.03748
vt -497.932 -113.234
vn -0.313992 -0.949425 3.42277e-15
vt -497.932 -112.675
vn -0.435231 -0.900319 3.2079e-15
vt -497.932 -112.617
vt -617.617 -112.617
v -0.0302613 1.00155 -8.07748
vt -617.617 -112.675
v -0.0174844 0.995374 -8.07748
vt -617.617 -113.234
f 546/1876/429 545/1877/430 540/1878/426 544/1879/426 547/1880/430 548/1881/429 

v 0.0593304 1.07014 -5.03748
vt 156.17 59.5711
vn 9.20336e-15 -8.77873e-15 1
v 0.0550964 1.0789 -5.03748
vt 156.003 59.916
v 0.0601085 1.06451 -5.03748
vt 156.201 59.3493
v 0.0612556 1.04889 -5.03748
vt 156.246 58.7343
v 0.0583207 1.0335 -5.03748
vt 156.13 58.1286
v 0.0515036 1.0194 -5.03748
vt 155.862 57.5734
v 0.0412689 1.00754 -5.03748
vt 155.459 57.1066
v 0.0283143 0.998737 -5.03748
vt 154.949 56.76
v 0.0135224 0.993586 -5.03748
vt 154.367 56.5572
v -0.00209872 0.992439 -5.03748
vt 153.752 56.512
vt 153.146 56.6276
v -0.0245943 0.997699 -5.03748
vt 152.866 56.7191
v -0.00980235 0.992548 -5.03748
vt 153.448 56.5163
v 0.00581872 0.991401 -5.03748
vt 154.063 56.4711
v 0.0212044 0.994336 -5.03748
vt 154.669 56.5867
v 0.0353063 1.00115 -5.03748
vt 155.224 56.8551
v 0.0471632 1.01139 -5.03748
vt 155.691 57.258
v 0.0559672 1.02434 -5.03748
vt 156.038 57.768
v 0.0611183 1.03913 -5.03748
vt 156.241 58.3504
v 0.0622654 1.05476 -5.03748
vt 156.286 58.9654
f 549/1882/431 550/1883/431 551/1884/431 552/1885/431 553/1886/431 554/1887/431 555/1888/431 556/1889/431 557/1890/431 558/1891/431 546/1892/431 545/1874/431 559/1893/431 560/1894/431 561/1895/431 562/1896/431 563/1897/431 564/1898/431 565/1899/431 566/1900/431 567/1901/431 

vt 497.932 -13.9541
vn 0.900319 0.435231 -1.29679e-15
vt 497.932 -14.3371
vn 0.949425 0.313992 -8.91619e-16
v 0.0593304 1.07014 -8.07748
vt 617.617 -14.3371
v 0.0550964 1.0789 -8.07748
vt 617.617 -13.9541
v 0.0547706 1.07957 -8.07748
vt 617.617 -13.9246
v 0.0525133 1.08424 -8.07748
vt 617.617 -13.7204
vn 0.835807 0.549023 -1.69278e-15
v 0.0525133 1.08424 -5.03748
vt 497.932 -13.7204
v 0.0547706 1.07957 -5.03748
vt 497.932 -13.9246
f 550/1902/432 549/1903/433 568/1904/433 569/1905/432 570/1906/432 571/1907/434 572/1908/434 573/1909/432 

vt 497.932 29.2526
vt 497.932 28.6359
vn 0.998342 0.057564 2.69035e-29
v 0.0622654 1.05476 -8.07748
vt 617.617 28.6359
vt 617.617 29.2526
f 549/1910/433 567/1911/435 574/1912/435 568/1913/433 

vt 497.932 70.2531
vt 497.932 69.6365
vn 0.979223 -0.202787 9.34325e-16
v 0.0611183 1.03913 -8.07748
vt 617.617 69.6365
vt 617.617 70.2531
f 567/1914/435 566/1915/436 575/1916/436 574/1917/435 

vt 497.932 106.487
vt 497.932 105.87
vn 0.893371 -0.449319 1.80498e-15
v 0.0559672 1.02434 -8.07748
vt 617.617 105.87
vt 617.617 106.487
f 566/1918/436 565/1919/437 576/1920/437 575/1921/436 

vt 497.932 135.485
vt 497.932 134.868
vn 0.746638 -0.66523 2.55262e-15
v 0.0471632 1.01139 -8.07748
vt 617.617 134.868
vt 617.617 135.485
f 565/1922/437 564/1923/438 577/1924/438 576/1925/437 

vt 497.932 155.271
vt 497.932 154.654
vn 0.549023 -0.835807 3.12631e-15
v 0.0353063 1.00115 -8.07748
vt 617.617 154.654
vt 617.617 155.271
f 564/1926/438 563/1927/439 578/1928/439 577/1929/438 

vt 497.932 164.496
vt 497.932 163.88
vn 0.313992 -0.949425 3.48695e-15
v 0.0212044 0.994336 -8.07748
vt 617.617 163.88
vt 617.617 164.496
f 563/1930/439 562/1931/440 579/1932/440 578/1933/439 

vt 497.932 162.533
vt 497.932 161.916
vn 0.057564 -0.998342 3.60996e-15
v 0.00581872 0.991401 -8.07748
vt 617.617 161.916
vt 617.617 162.533
f 562/1934/440 561/1935/441 580/1936/441 579/1937/440 

vt -497.932 -149.514
vt -497.932 -148.897
vn -0.202787 -0.979223 3.48695e-15
v -0.00980235 0.992548 -8.07748
vt -617.617 -148.897
vt -617.617 -149.514
f 561/1938/441 560/1939/442 581/1940/442 580/1941/441 

vt -497.932 -126.327
vt -497.932 -125.71
vn -0.449319 -0.893371 3.1318e-15
v -0.0245943 0.997699 -8.07748
vt -617.617 -125.71
vt -617.617 -126.327
f 560/1942/442 559/1943/443 582/1944/443 581/1945/442 

vt -497.932 -94.1514
vn -0.562083 -0.827081 2.87485e-15
v -0.0375489 1.0065 -5.03748
vt -497.932 -93.935
vn -0.66523 -0.746638 2.53287e-15
v -0.0375489 1.0065 -8.07748
vt -617.617 -93.935
vt -617.617 -94.1514
vt -617.617 -94.2819
vt -617.617 -94.5517
vt -497.932 -94.5517
vt -497.932 -94.2819
f 541/1946/444 583/1947/445 584/1948/445 543/1949/444 547/1950/444 582/1951/443 559/1952/443 545/1953/444 

vt 152.356 57.0657
vn 5.97244e-12 6.91914e-12 1
f 583/1954/446 541/1875/446 539/1863/446

vn 7.84683e-14 -8.27081e-14 1
vt 155.991 59.9425
v 0.0482062 1.08923 -5.03748
vt 155.732 60.3228
v 0.0439782 1.09413 -5.03748
vt 155.566 60.5156
v 0.0395445 1.09796 -5.03748
vt 155.391 60.6663
v 0.0293856 1.10486 -5.03748
vt 154.991 60.9381
v 0.029324 1.1049 -5.03748
vt 154.989 60.9398
f 539/1863/447 541/1875/447 545/1874/447 546/1892/447 558/1891/447 557/1890/447 556/1889/447 555/1888/447 554/1887/447 553/1886/447 552/1885/447 551/1884/447 550/1883/447 573/1955/447 585/1956/447 586/1957/447 587/1958/447 588/1959/447 589/1960/447 523/1844/447 511/1843/447 510/1842/447 522/1841/447 521/1840/447 520/1839/447 519/1838/447 518/1837/447 517/1836/447 516/1835/447 515/1834/447 534/1864/447 

vt -497.932 -140.439
vn -0.057564 -0.998342 3.60996e-15
vt -497.932 -139.822
vt -617.617 -139.822
v -0.00209872 0.992439 -8.07748
vt -617.617 -140.439
f 558/1961/448 546/1962/429 548/1963/429 590/1964/448 

vt -152.643 56.8707
vn -7.84683e-14 8.27081e-14 -1
vt -152.535 56.9441
vt -152.245 57.1946
vt -152.01 57.4666
vt -151.923 57.5942
v -0.0546006 1.03246 -8.07748
vt -151.685 58.0877
v -0.0575356 1.04785 -8.07748
vt -151.569 58.6935
v -0.0563885 1.06347 -8.07748
vt -151.614 59.3085
v -0.0512374 1.07826 -8.07748
vt -151.817 59.8908
v -0.0424334 1.09122 -8.07748
vt -152.164 60.4008
v -0.0305765 1.10145 -8.07748
vt -152.631 60.8038
v -0.0164747 1.10827 -8.07748
vt -153.186 61.0722
vt -153.791 61.1877
vt -154.406 61.1426
v 0.0292347 1.10494 -8.07748
vt -154.985 60.941
v 0.029324 1.1049 -8.07748
vt -154.989 60.9398
v 0.0293856 1.10486 -8.07748
vt -154.991 60.9381
v 0.0395445 1.09796 -8.07748
vt -155.391 60.6663
v 0.0439782 1.09413 -8.07748
vt -155.566 60.5156
v 0.0482062 1.08923 -8.07748
vt -155.732 60.3228
vt -155.991 59.9425
vt -156.003 59.916
v 0.0601085 1.06451 -8.07748
vt -156.201 59.3493
v 0.0612556 1.04889 -8.07748
vt -156.246 58.7343
v 0.0583207 1.0335 -8.07748
vt -156.13 58.1286
v 0.0515036 1.0194 -8.07748
vt -155.862 57.5734
v 0.0412689 1.00754 -8.07748
vt -155.459 57.1066
v 0.0283143 0.998737 -8.07748
vt -154.949 56.76
v 0.0135224 0.993586 -8.07748
vt -154.367 56.5572
vt -153.752 56.512
vt -153.146 56.6276
f 547/1965/449 543/1966/449 542/1967/449 537/1968/449 536/1969/449 591/1970/449 592/1971/449 593/1972/449 594/1973/449 595/1974/449 596/1975/449 597/1976/449 513/1977/449 512/1978/449 598/1979/449 599/1980/449 600/1981/449 601/1982/449 602/1983/449 603/1984/449 570/1985/449 569/1986/449 604/1987/449 605/1988/449 606/1989/449 607/1990/449 608/1991/449 609/1992/449 610/1993/449 590/1994/449 548/1995/449 

vt -152.591 56.8959
vn 1.50996e-11 2.22184e-11 -1
f 544/1996/450 543/1966/450 547/1965/450

vt -152.356 57.0657
vn -5.97244e-12 -6.91914e-12 -1
f 584/1997/451 542/1967/451 543/1966/451

vt -497.932 -55.8245
vn -0.756995 -0.653421 2.14755e-15
v -0.0477836 1.01836 -5.03748
vt -497.932 -55.7374
vn -0.835807 -0.549023 1.75792e-15
v -0.0477836 1.01836 -8.07748
vt -617.617 -55.7374
vt -617.617 -55.8245
vt -617.617 -56.1838
vt -617.617 -56.3541
vt -497.932 -56.3541
vt -497.932 -56.1838
f 534/1998/452 611/1999/453 612/2000/453 537/2001/452 542/2002/452 584/2003/445 583/2004/445 539/2005/452 

vt 151.953 57.5325
vn 1.87921e-11 1.27711e-11 1
f 611/2006/454 534/1864/454 515/1834/454

vt -497.932 -14.2686
vn -0.900319 -0.435231 1.33822e-15
vt -497.932 -13.7204
vn -0.949425 -0.313992 9.12513e-16
vt -617.617 -13.7204
vt -617.617 -14.2686
vt -617.617 -14.3371
vt -497.932 -14.3371
f 515/2007/455 516/2008/456 591/2009/456 536/2010/455 612/2011/453 611/2012/453 

vt -497.932 28.6359
vt -497.932 29.2526
vn -0.998342 -0.057564 3.8938e-29
vt -617.617 29.2526
vt -617.617 28.6359
f 516/2013/456 517/2014/457 592/2015/457 591/2016/456 

vt -497.932 69.6365
vt -497.932 70.2531
vn -0.979223 0.202787 -9.34325e-16
vt -617.617 70.2531
vt -617.617 69.6365
f 517/2017/457 518/2018/458 593/2019/458 592/2020/457 

vt -497.932 105.87
vt -497.932 106.487
vn -0.893371 0.449319 -1.80498e-15
vt -617.617 106.487
vt -617.617 105.87
f 518/2021/458 519/2022/459 594/2023/459 593/2024/458 

vt -497.932 134.868
vt -497.932 135.485
vn -0.746638 0.66523 -2.55262e-15
vt -617.617 135.485
vt -617.617 134.868
f 519/2025/459 520/2026/460 595/2027/460 594/2028/459 

vt -497.932 154.654
vt -497.932 155.271
vn -0.549023 0.835807 -3.12631e-15
vt -617.617 155.271
vt -617.617 154.654
f 520/2029/460 521/2030/461 596/2031/461 595/2032/460 

vt -497.932 163.88
vt -497.932 164.496
vn -0.313992 0.949425 -3.48695e-15
vt -617.617 164.496
vt -617.617 163.88
f 521/2033/461 522/2034/462 597/2035/462 596/2036/461 

vt -497.932 161.916
vt -497.932 162.533
vt -617.617 162.533
vt -617.617 161.916
f 522/2037/462 510/2038/419 513/2039/419 597/2040/462 

v 0.0201947 1.10931 -8.07748
vt -154.629 61.113
vn -8.83083e-15 9.18113e-15 -1
vt -151.777 57.8089
v -0.0573982 1.04017 -8.07748
vt -151.575 58.3913
v -0.0585454 1.05579 -8.07748
vt -151.529 59.0063
v -0.0556104 1.07118 -8.07748
vt -151.645 59.612
v -0.0487933 1.08528 -8.07748
vt -151.913 60.1672
v -0.0385587 1.09714 -8.07748
vt -152.316 60.634
v -0.025604 1.10594 -8.07748
vt -152.826 60.9806
v -0.0108121 1.11109 -8.07748
vt -153.409 61.1834
v 0.00480897 1.11224 -8.07748
vt -154.024 61.2286
f 613/2041/463 598/1979/463 512/1978/463 513/1977/463 597/1976/463 596/1975/463 595/1974/463 594/1973/463 593/1972/463 592/1971/463 591/1970/463 536/1969/463 535/2042/463 614/2043/463 615/2044/463 616/2045/463 617/2046/463 618/2047/463 619/2048/463 620/2049/463 621/2050/463 

vt 497.932 -112.627
vn 0.313955 0.949438 -3.37914e-15
vt 497.932 -113.022
vn 0.435161 0.900353 -3.12143e-15
vt 497.932 -113.026
vt 497.932 -113.029
v 0.0342965 1.10249 -5.03748
vt 497.932 -113.244
vn 0.54899 0.835829 -2.91812e-15
v 0.0342965 1.10249 -8.07748
vt 617.617 -113.244
vt 617.617 -113.029
vt 617.617 -113.026
vt 617.617 -113.022
vt 617.617 -112.627
f 524/2051/464 523/2052/465 589/2053/465 588/2054/465 622/2055/466 623/2056/466 600/2057/465 599/2058/465 598/2059/465 613/2060/464 

vt 497.932 -126.323
vn 0.328867 0.944376 -3.12875e-15
vt 497.932 -126.327
vn 0.449319 0.893371 -2.89329e-15
vt 617.617 -126.327
vt 617.617 -126.323
vt 617.617 -125.71
vt 497.932 -125.71
f 523/2061/467 589/2062/468 599/2063/468 598/2064/467 512/2065/420 511/2066/420 

vt 497.932 -94.4215
vn 0.562083 0.827081 -2.60832e-15
v 0.0422787 1.0961 -5.03748
vt 497.932 -94.5517
vn 0.66523 0.746638 -2.3542e-15
v 0.0422787 1.0961 -8.07748
vt 617.617 -94.5517
vt 617.617 -94.4215
vt 617.617 -93.9379
vt 617.617 -93.935
vt 497.932 -93.935
vt 497.932 -93.9379
f 587/2067/469 624/2068/470 625/2069/470 601/2070/469 600/2071/469 599/2072/468 589/2073/468 588/2074/469 

vt 155.499 60.5931
vn -9.93179e-12 -1.15061e-11 1
f 624/2075/471 587/1958/471 586/1957/471

vt 497.932 -77.7168
vt 497.932 -77.9898
vn 0.653421 0.756995 -2.66486e-15
vt 497.932 -78.2203
v 0.0461534 1.09225 -5.03748
vt 497.932 -78.3335
vn 0.746638 0.66523 -2.42371e-15
v 0.0461534 1.09225 -8.07748
vt 617.617 -78.3335
vt 617.617 -78.2203
vt 617.617 -77.9898
vt 617.617 -77.7168
f 622/2076/466 587/2077/472 586/2078/472 626/2079/473 627/2080/473 602/2081/472 601/2082/472 623/2083/466 

vt 155.185 60.8446
vn 4.0739e-12 5.99457e-12 1
f 622/2084/474 588/1959/474 587/1958/474

vt 155.651 60.4417
vn 1.04152e-11 8.99016e-12 1
f 626/2085/475 586/1957/475 585/1956/475

vt 497.932 -56.0946
vn 0.756995 0.653421 -2.05981e-15
vt 497.932 -56.3541
vt 617.617 -56.3541
vt 617.617 -56.0946
vt 617.617 -55.8398
vt 617.617 -55.7374
vt 497.932 -55.7374
vt 497.932 -55.8398
f 585/2086/476 572/2087/434 571/2088/434 603/2089/476 602/2090/476 625/2091/470 624/2092/470 586/2093/476 

vt 155.902 60.1263
vn -6.30471e-12 -4.28467e-12 1
f 572/2094/477 585/1956/477 573/1955/477

vt 497.932 -37.4989
vt 497.932 -37.6427
vn 0.827081 0.562083 -2.1411e-15
vt 497.932 -38.1025
v 0.0549574 1.0793 -5.03748
vt 497.932 -38.1156
vn 0.893371 0.449319 -1.7857e-15
v 0.0549574 1.0793 -8.07748
vt 617.617 -38.1156
vt 617.617 -38.1025
vt 617.617 -37.6427
vt 617.617 -37.4989
f 626/2095/473 585/2096/478 573/2097/478 628/2098/479 629/2099/479 570/2100/478 603/2101/478 627/2102/473 

vt 155.998 59.9317
vn 1.07074e-10 5.17618e-11 1
f 628/2103/480 573/1955/480 550/1883/480

vt 497.932 5.29552
vt 497.932 5.27889
vn 0.944376 0.328867 -1.39976e-15
vt 497.932 4.67886
vn 0.979223 0.202787 -9.43549e-16
vt 617.617 4.67886
vt 617.617 5.27889
vt 617.617 5.29552
f 628/2104/479 550/2105/481 551/2106/482 604/2107/482 569/2108/481 629/2109/479 

vt 497.932 47.7501
vt 497.932 47.1334
vn 0.998342 -0.057564 3.8938e-29
vt 617.617 47.1334
vt 617.617 47.7501
f 551/2110/482 552/2111/483 605/2112/483 604/2113/482 

vt 497.932 86.9715
vt 497.932 86.3549
vn 0.949425 -0.313992 9.34325e-16
vt 617.617 86.3549
vt 617.617 86.9715
f 552/2114/483 553/2115/484 606/2116/484 605/2117/483 

vt 497.932 120.287
vt 497.932 119.67
vn 0.835807 -0.549023 1.80498e-15
vt 617.617 119.67
vt 617.617 120.287
f 553/2118/484 554/2119/485 607/2120/485 606/2121/484 

vt 497.932 145.426
vt 497.932 144.81
vn 0.66523 -0.746638 2.55262e-15
vt 617.617 144.81
vt 617.617 145.426
f 554/2122/485 555/2123/486 608/2124/486 607/2125/485 

vt 497.932 160.676
vt 497.932 160.059
vn 0.449319 -0.893371 3.12631e-15
vt 617.617 160.059
vt 617.617 160.676
f 555/2126/486 556/2127/487 609/2128/487 608/2129/486 

vt 497.932 164.997
vt 497.932 164.38
vn 0.202787 -0.979223 3.48695e-15
vt 617.617 164.38
vt 617.617 164.997
f 556/2130/487 557/2131/488 610/2132/488 609/2133/487 

vt 497.932 158.094
vt 497.932 157.478
vt 617.617 157.478
vt 617.617 158.094
f 557/2134/488 558/2135/448 590/2136/448 610/2137/488 

vt -152.866 56.7191
vn -9.20336e-15 8.77873e-15 -1
vt -156.17 59.5711
vt -156.286 58.9654
vt -156.241 58.3504
vt -156.038 57.768
vt -155.691 57.258
vt -155.224 56.8551
vt -154.669 56.5867
vt -154.063 56.4711
vt -153.448 56.5163
f 582/2138/489 547/1965/489 548/1995/489 590/1994/489 610/1993/489 609/1992/489 608/1991/489 607/1990/489 606/1989/489 605/1988/489 604/1987/489 569/1986/489 568/2139/489 574/2140/489 575/2141/489 576/2142/489 577/2143/489 578/2144/489 579/2145/489 580/2146/489 581/2147/489 

vt -155.998 59.9317
vn -1.07074e-10 -5.17618e-11 -1
f 629/2148/490 569/1986/490 570/1985/490

vt -155.902 60.1263
vn 6.30471e-12 4.28467e-12 -1
f 571/2149/491 570/1985/491 603/1984/491

vt -155.651 60.4417
vn -1.04152e-11 -8.99016e-12 -1
f 627/2150/492 603/1984/492 602/1983/492

vt -155.499 60.5931
vn 9.93179e-12 1.15061e-11 -1
f 625/2151/493 602/1983/493 601/1982/493

vt -155.185 60.8446
vn -4.0739e-12 -5.99457e-12 -1
f 623/2152/494 601/1982/494 600/1981/494

vt 497.932 -139.822
vn 0.057564 0.998342 -3.60996e-15
vt 497.932 -140.439
vt 617.617 -140.439
vt 617.617 -139.822
f 525/2153/495 524/2154/464 613/2155/464 621/2156/495 

vt -497.932 157.478
vn -0.202787 0.979223 -3.48695e-15
vt -497.932 158.094
vt -617.617 158.094
vt -617.617 157.478
f 526/2157/496 525/2158/495 621/2159/495 620/2160/496 

vt -497.932 164.38
vn -0.449319 0.893371 -3.12631e-15
vt -497.932 164.997
vt -617.617 164.997
vt -617.617 164.38
f 527/2161/497 526/2162/496 620/2163/496 619/2164/497 

vt -497.932 160.059
vn -0.66523 0.746638 -2.55262e-15
vt -497.932 160.676
vt -617.617 160.676
vt -617.617 160.059
f 528/2165/498 527/2166/497 619/2167/497 618/2168/498 

vt -497.932 144.81
vn -0.835807 0.549023 -1.80498e-15
vt -497.932 145.426
vt -617.617 145.426
vt -617.617 144.81
f 529/2169/499 528/2170/498 618/2171/498 617/2172/499 

vt -497.932 119.67
vn -0.949425 0.313992 -9.34325e-16
vt -497.932 120.287
vt -617.617 120.287
vt -617.617 119.67
f 530/2173/500 529/2174/499 617/2175/499 616/2176/500 

vt -497.932 86.3549
vn -0.998342 0.057564 2.69035e-29
vt -497.932 86.9715
vt -617.617 86.9715
vt -617.617 86.3549
f 531/2177/501 530/2178/500 616/2179/500 615/2180/501 

vt -497.932 47.1334
vn -0.979223 -0.202787 9.34325e-16
vt -497.932 47.7501
vt -617.617 47.7501
vt -617.617 47.1334
f 532/2181/502 531/2182/501 615/2183/501 614/2184/502 

vt -497.932 4.67886
vt -497.932 5.29552
vt -617.617 5.29552
vt -617.617 4.67886
f 514/2185/424 532/2186/502 614/2187/502 535/2188/424 

vt -151.953 57.5325
vn -1.87921e-11 -1.27711e-11 -1
f 612/2189/503 536/1969/503 537/1968/503

vt -152.124 57.2989
vn 7.38423e-12 6.3739e-12 -1
f 538/2190/504 537/1968/504 542/1967/504

g Mesh7 hull1 Model

v 0.752026 1.12824 -2.25743
vt 388.63 -178.822
vn 0.0636032 0.997975 5.14687e-05
v -0.00983672 1.17667 0.325155
vt 286.929 -148.849
v 1.48279 1.08154 0.346571
vt 286.133 -207.734
f 630/2191/505 631/2192/505 632/2193/505

vt 388.628 -178.825
vn 0.0636015 0.997975 5.09404e-05
v 0.0057008 1.17581 -2.26814
vt 389.026 -149.383
vt 286.928 -148.852
f 630/2194/506 633/2195/506 631/2196/506

v 0.386646 1.1516 -3.55943
vt 439.88 -164.363
vn 0.0636014 0.997975 5.19754e-05
vt 389.029 -149.376
vt 388.631 -178.819
f 634/2197/507 633/2198/507 630/2199/507

vt 439.877 -164.37
vn 0.0635979 0.997976 5.09189e-05
v 0.0134696 1.17538 -3.56478
vt 440.076 -149.648
f 634/2200/508 635/2201/508 633/2195/508

v 0.203956 1.16328 -4.21043
vt 465.506 -157.128
vn 0.0635978 0.997976 5.29887e-05
vt 440.081 -149.634
vt 439.882 -164.356
f 636/2202/509 635/2203/509 634/2204/509

vt 465.501 -157.144
vn 0.0635907 0.997976 5.08758e-05
v 0.0173539 1.17517 -4.21311
vt 465.6 -149.782
vt 440.075 -149.649
f 636/2205/510 637/2206/510 635/2207/510

vt -467.176 153.05
vn -0.0635668 0.997977 -0.00071098
v -0.17333 1.16303 -4.20397
vt -466.732 145.532
vt -441.651 153.183
f 637/2208/511 638/2209/511 635/2210/511

vt -440.955 155.273
vn -0.0645469 0.997915 -0.000423343
vt -466.071 147.738
v -0.364989 1.15091 -3.53603
vt -439.725 140.349
f 635/2211/512 638/2212/512 639/2213/512

vt -441.639 153.273
vn -0.0645691 0.997913 -0.000716964
vt -440.341 138.355
vt -390.59 153.534
f 635/2214/513 639/2215/513 633/2216/513

vt -390.242 154.461
vn -0.0650628 0.997881 -0.00057199
vt -440.029 139.397
v -0.748306 1.12669 -2.20015
vt -387.305 124.738
f 633/2217/514 639/2218/514 640/2219/514

vt -390.584 153.577
vn -0.0650761 0.99788 -0.00071999
vt -387.579 123.86
vt -288.485 154.096
f 633/2220/515 640/2221/515 631/2222/515

vt -288.311 154.442
vn -0.0653239 0.997864 -0.000647211
vt -387.44 124.32
v -1.47907 1.0805 0.346571
vt -286.895 96.4857
f 631/2223/516 640/2224/516 641/2225/516

vt 250.129 -242.296
vn 0.1411 0.989754 -0.0218439
v 1.52008 1.07599 0.336005
vt 250.316 -243.826
vn 0.264209 0.962787 -0.0568756
v 0.0585607 1.1694 -4.872
vt 461.745 -218.068
v 0.0212659 1.17495 -4.86144
vt 461.558 -216.538
vt 435.13 -219.758
vt 408.701 -222.978
vt 355.844 -229.417
f 632/2226/517 642/2227/518 643/2228/518 644/2229/517 636/2230/517 634/2231/517 630/2232/517 

v 1.40622 0.802543 0.363052
vt 278.506 45.2612
vn 0.270152 -0.017267 0.962663
v 1.44082 0.787151 0.353068
vt 279.924 44.6551
v 1.47811 0.781601 0.342502
vt 281.45 44.4366
v 1.51557 0.786271 0.332075
vt 282.98 44.6205
v 1.55063 0.800843 0.322498
vt 284.411 45.1943
v 1.58091 0.824324 0.314422
vt 285.645 46.1188
v 1.60434 0.855113 0.308398
vt 286.597 47.3312
v 1.61933 0.891113 0.304837
vt 287.203 48.7487
v 1.62485 0.92987 0.303982
vt 287.422 50.2748
v 1.62054 0.968742 0.30589
vt 287.238 51.8054
v 1.60668 1.00508 0.310432
vt 286.664 53.2363
v 1.58421 1.03641 0.317299
vt 285.739 54.47
v 1.55468 1.0606 0.326021
vt 284.527 55.4223
vt 283.11 56.0283
vt 281.583 56.2469
v 1.44533 1.07687 0.356998
vt 280.053 56.063
v 1.41027 1.0623 0.366575
vt 278.622 55.4892
v 1.37999 1.03881 0.374651
vt 277.388 54.5646
v 1.35656 1.00803 0.380675
vt 276.436 53.3522
v 1.34157 0.972026 0.384236
vt 275.83 51.9347
v 1.33605 0.933269 0.385091
vt 275.611 50.4086
v 1.34036 0.894397 0.383183
vt 275.795 48.878
v 1.35422 0.858057 0.378641
vt 276.369 47.4471
v 1.37669 0.826728 0.371774
vt 277.294 46.2135
f 645/2233/519 646/2234/519 647/2235/519 648/2236/519 649/2237/519 650/2238/519 651/2239/519 652/2240/519 653/2241/519 654/2242/519 655/2243/519 656/2244/519 657/2245/519 642/2246/519 632/2247/519 658/2248/519 659/2249/519 660/2250/519 661/2251/519 662/2252/519 663/2253/519 664/2254/519 665/2255/519 666/2256/519 

vt -229.306 -229.988
vn -0.264209 -0.962787 0.0568756
vt -229.238 -228.448
vn -0.494836 -0.860175 0.123437
v -0.055296 0.895958 -4.84495
vt -442.025 -219.1
v -0.020702 0.880566 -4.85494
vt -442.093 -220.64
f 646/2257/520 645/2258/521 667/2259/521 668/2260/520 

vt -224.246 -184.865
vt -224.203 -183.324
vn -0.69174 -0.698943 0.181586
v -0.0848317 0.920142 -4.83623
vt -437.112 -177.371
vt -437.155 -178.913
f 645/2261/521 666/2262/522 669/2263/522 667/2264/521 

vt -221.731 -124.566
vt -221.698 -123.025
vn -0.841504 -0.49008 0.227361
v -0.107296 0.951472 -4.82937
vt -434.64 -118.429
vt -434.674 -119.971
f 666/2265/522 665/2266/523 670/2267/523 669/2268/522 

vt -220.048 -54.7388
vt -220.02 -53.1974
vn -0.93392 -0.247818 0.257641
v -0.121159 0.987811 -4.82482
vt -432.975 -49.2351
vt -433.003 -50.7765
f 665/2269/523 664/2270/524 671/2271/524 670/2272/523 

vt -218.687 19.4379
vt -218.66 20.9793
vn -0.962692 0.0113316 0.270363
v -0.125474 1.02668 -4.82292
vt -431.62 24.6835
vt -431.647 23.1421
f 664/2273/524 663/2274/525 672/2275/525 671/2276/524 

vt -217.407 92.775
vt -217.38 94.3164
vn -0.925857 0.269709 0.264661
v -0.119949 1.06544 -4.82377
vt -430.339 98.0317
vt -430.366 96.4903
f 663/2277/525 662/2278/526 673/2279/526 672/2280/525 

vt -216.02 160.275
vt -215.991 161.816
vn -0.825927 0.509707 0.240922
v -0.10496 1.10144 -4.82733
vt -428.946 165.816
vt -428.975 164.274
f 662/2281/526 661/2282/527 674/2283/527 673/2284/526 

vt -214.269 217.471
vt -214.235 219.013
vn -0.669711 0.714969 0.200765
v -0.0815273 1.13223 -4.83336
vt -427.176 223.689
vt -427.21 222.148
f 661/2285/527 660/2286/528 675/2287/528 674/2288/527 

vt -211.57 260.889
vt -211.526 262.43
vn -0.467856 0.871506 0.146926
v -0.051249 1.15571 -4.84143
vt -424.43 268.56
vt -424.474 267.019
f 660/2289/528 659/2290/529 676/2291/529 675/2292/528 

vt -205.813 289.108
vt -205.741 290.648
vn -0.234125 0.96865 0.083077
v -0.0161882 1.17028 -4.85101
vt -418.505 300.52
vt -418.576 298.98
f 659/2293/529 658/2294/530 677/2295/530 676/2296/529 

vt -175.939 313.178
vt -175.718 314.704
vn -0.11023 0.99271 0.04874
vt -281.116 329.961
vt -333.814 337.59
vt -360.164 341.404
vt -386.513 345.218
v 0.0212383 1.17495 -4.86143
vt -386.513 345.217
vt -386.734 343.692
f 658/2297/530 632/2298/531 630/2299/531 634/2300/531 636/2301/531 644/2302/531 678/2303/531 677/2304/530 

vt -279.924 44.6552
vn -0.270152 0.017267 -0.962663
vt -278.506 45.2612
vt -277.294 46.2135
vt -276.369 47.4471
vt -275.795 48.878
vt -275.611 50.4087
vt -275.83 51.9348
vt -276.436 53.3523
vt -277.388 54.5646
vt -278.622 55.4892
vt -280.053 56.063
vt -281.582 56.2468
vt -281.583 56.2469
vt -283.11 56.0283
v 0.0931547 1.15401 -4.88199
vt -284.527 55.4223
v 0.12269 1.12983 -4.89071
vt -285.739 54.47
v 0.145155 1.0985 -4.89757
vt -286.664 53.2364
v 0.159017 1.06216 -4.90212
vt -287.238 51.8055
v 0.163333 1.02328 -4.90402
vt -287.422 50.2748
v 0.157808 0.984528 -4.90317
vt -287.203 48.7487
v 0.142818 0.948528 -4.89961
vt -286.597 47.3312
v 0.119386 0.917739 -4.89358
vt -285.645 46.1189
v 0.0891078 0.894258 -4.88551
vt -284.411 45.1943
v 0.0540469 0.879686 -4.87593
vt -282.98 44.6205
v 0.0165928 0.875016 -4.8655
vt -281.45 44.4366
f 668/2305/532 667/2306/532 669/2307/532 670/2308/532 671/2309/532 672/2310/532 673/2311/532 674/2312/532 675/2313/532 676/2314/532 677/2315/532 678/2316/532 644/2317/532 643/2318/532 679/2319/532 680/2320/532 681/2321/532 682/2322/532 683/2323/532 684/2324/532 685/2325/532 686/2326/532 687/2327/532 688/2328/532 689/2329/532 

vt 229.238 -228.448
vt 229.306 -229.988
vn 0.494836 0.860175 -0.123437
vt 442.093 -220.64
vt 442.025 -219.1
f 642/2330/518 657/2331/533 679/2332/533 643/2333/518 

vt 224.203 -183.324
vt 224.246 -184.865
vn 0.69174 0.698943 -0.181586
vt 437.155 -178.913
vt 437.112 -177.371
f 657/2334/533 656/2335/534 680/2336/534 679/2337/533 

vt 221.698 -123.025
vt 221.731 -124.566
vn 0.841504 0.49008 -0.227361
vt 434.674 -119.971
vt 434.64 -118.429
f 656/2338/534 655/2339/535 681/2340/535 680/2341/534 

vt 220.02 -53.1974
vt 220.048 -54.7388
vn 0.93392 0.247818 -0.257641
vt 433.003 -50.7765
vt 432.975 -49.2351
f 655/2342/535 654/2343/536 682/2344/536 681/2345/535 

vt 218.66 20.9793
vt 218.687 19.4379
vn 0.962692 -0.0113316 -0.270363
vt 431.647 23.1421
vt 431.62 24.6835
f 654/2346/536 653/2347/537 683/2348/537 682/2349/536 

vt 217.38 94.3164
vt 217.407 92.775
vn 0.925857 -0.269709 -0.264661
vt 430.366 96.4903
vt 430.339 98.0317
f 653/2350/537 652/2351/538 684/2352/538 683/2353/537 

vt 215.991 161.816
vt 216.02 160.275
vn 0.825927 -0.509707 -0.240922
vt 428.975 164.274
vt 428.946 165.816
f 652/2354/538 651/2355/539 685/2356/539 684/2357/538 

vt 214.235 219.013
vt 214.269 217.471
vn 0.669711 -0.714969 -0.200765
vt 427.21 222.148
vt 427.176 223.689
f 651/2358/539 650/2359/540 686/2360/540 685/2361/539 

vt 211.526 262.43
vt 211.57 260.889
vn 0.467856 -0.871506 -0.146926
vt 424.474 267.019
vt 424.43 268.56
f 650/2362/540 649/2363/541 687/2364/541 686/2365/540 

vt 205.741 290.648
vt 205.813 289.108
vn 0.234117 -0.968653 -0.0830746
vt 418.576 298.98
vt 418.505 300.52
f 649/2366/541 648/2367/542 688/2368/542 687/2369/541 

vt 175.712 314.707
vt 175.933 313.181
vn -0.0155769 -0.999787 -0.0135616
vt 386.727 343.7
vt 386.506 345.226
f 648/2370/542 647/2371/543 689/2372/543 688/2373/542 

vt -250.316 -243.826
vt -250.129 -242.296
vt -461.558 -216.538
vt -461.745 -218.068
f 647/2374/543 646/2375/520 668/2376/520 689/2377/543 

g Mesh8 hull1 Model

v 0.0083028 1.05149 5.75609
vt -152.378 25.0925
vn 0.0148987 0.25839 -0.965926
v 0.0103853 1.08761 5.77108
vt -152.474 26.6312
vn 0.028782 0.499171 -0.866025
v 3.76415 0.871168 5.77108
vt -300.218 17.4104
v 3.76207 0.835051 5.75609
vt -300.122 15.8718
f 690/2378/544 691/2379/545 692/2380/545 693/2381/544 

v -0.00227239 0.868085 5.93981
vt -65.7557 60.3807
vn -0.998342 0.057564 -1.00902e-18
v -0.00140979 0.883045 5.97598
vt -64.3314 60.9707
v -3.75919e-05 0.906843 6.00705
vt -63.1083 61.9092
v 0.00175069 0.937858 6.03089
vt -62.1698 63.1323
v 0.0038332 0.973975 6.04587
vt -61.5799 64.5566
v 0.006068 1.01273 6.05098
vt -61.3786 66.085
v 0.0083028 1.05149 6.04587
vt -61.5799 67.6135
v 0.0103853 1.08761 6.03089
vt -62.1698 69.0378
v 0.0121736 1.11862 6.00705
vt -63.1083 70.2609
v 0.0135458 1.14242 5.97598
vt -64.3314 71.1994
v 0.0144084 1.15738 5.93981
vt -65.7557 71.7893
v 0.0147026 1.16248 5.90098
vt -67.2841 71.9905
v 0.0144084 1.15738 5.86216
vt -68.8126 71.7893
v 0.0135458 1.14242 5.82598
vt -70.2369 71.1994
v 0.0121736 1.11862 5.79492
vt -71.46 70.2609
vt -72.3985 69.0378
vt -72.9884 67.6135
v 0.006068 1.01273 5.75098
vt -73.1897 66.085
v 0.0038332 0.973975 5.75609
vt -72.9884 64.5566
v 0.00175069 0.937858 5.77108
vt -72.3985 63.1323
v -3.75919e-05 0.906843 5.79492
vt -71.46 61.9092
v -0.00140979 0.883045 5.82598
vt -70.2369 60.9707
v -0.00227239 0.868085 5.86216
vt -68.8126 60.3807
v -0.00256661 0.862982 5.90098
vt -67.2841 60.1795
f 694/2382/546 695/2383/546 696/2384/546 697/2385/546 698/2386/546 699/2387/546 700/2388/546 701/2389/546 702/2390/546 703/2391/546 704/2392/546 705/2393/546 706/2394/546 707/2395/546 708/2396/546 691/2397/546 690/2398/546 709/2399/546 710/2400/546 711/2401/546 712/2402/546 713/2403/546 714/2404/546 715/2405/546 

vt 143.46 -58.1248
vn -0.0498519 -0.864589 0.5
vt 143.23 -59.6493
vn -0.0556026 -0.964324 0.258819
v 3.75149 0.651644 5.93981
vt 289.609 -81.7045
v 3.75236 0.666604 5.97598
vt 289.839 -80.1801
f 695/2406/547 694/2407/548 716/2408/548 717/2409/547 

vt 114.525 -113.246
vt 113.902 -114.656
vn -0.0570716 -0.989801 0.130526
vt 114.386 -114.87
v 3.7512 0.646541 5.90098
vt 249.31 -174.472
vt 249.933 -173.062
f 694/2410/548 715/2411/549 495/2412/549 718/2413/549 716/2414/548 

vt -67.2841 -298.55
vn -0.057564 -0.998342 4.5156e-15
v 3.7512 0.646541 6.68098
vt -36.5755 -298.55
vt -36.5755 -151.048
v -0.01255 0.863558 6.68098
vt -36.5755 -150.125
v -0.01255 0.863558 5.90098
vt -67.2841 -150.125
vt -67.2841 -150.519
vt -67.2841 -151.048
f 718/2415/550 719/2416/550 508/2417/550 720/2418/550 721/2419/550 715/2420/550 495/2421/550 

vt 36.5755 60.1795
vn 0.998342 -0.057564 4.28611e-17
vt 67.2841 60.1795
vt 65.7557 60.3807
vt 64.3314 60.9707
v 3.75373 0.690403 6.00705
vt 63.1083 61.9092
v 3.75552 0.721417 6.03089
vt 62.1698 63.1323
v 3.7576 0.757534 6.04587
vt 61.5799 64.5566
v 3.75983 0.796293 6.05098
vt 61.3786 66.085
v 3.76207 0.835051 6.04587
vt 61.5799 67.6135
v 3.76415 0.871168 6.03089
vt 62.1698 69.0378
v 3.76594 0.902183 6.00705
vt 63.1083 70.2609
v 3.76731 0.925981 5.97598
vt 64.3314 71.1994
f 719/2422/551 718/2423/551 716/2424/551 717/2425/551 722/2426/551 723/2427/551 724/2428/551 725/2429/551 726/2430/551 727/2431/551 728/2432/551 729/2433/551 

vn 0.998342 -0.057564 4.32817e-15
f 718/2423/552 729/2433/552 728/2432/552 727/2431/552 726/2430/552 725/2429/552 724/2428/552 723/2427/552 722/2426/552 717/2425/552 716/2424/552 

vt -301.126 34.2406
vt -300.446 22.8523
vt -153.206 31.6416
vt -152.677 31.6731
vt -152.284 31.6966
v 0.00356236 1.143 5.97598
vt -152.964 43.0849
vt -153.357 43.0614
f 729/2434/544 718/2435/544 495/2436/544 715/2437/544 721/2438/544 730/2439/544 703/2440/544 

v 3.76817 0.940941 5.93981
vt 65.7557 71.7893
vn 0.998342 -0.057564 -4.45993e-16
v 3.75149 0.651644 5.86216
vt 68.8126 60.3807
v 3.75236 0.666604 5.82598
vt 70.2369 60.9707
v 3.75373 0.690403 5.79492
vt 71.46 61.9092
v 3.75552 0.721417 5.77108
vt 72.3985 63.1323
v 3.7576 0.757534 5.75609
vt 72.9884 64.5566
v 3.75983 0.796293 5.75098
vt 73.1897 66.085
vt 72.9884 67.6135
vt 72.3985 69.0378
v 3.76594 0.902183 5.79492
vt 71.46 70.2609
v 3.76731 0.925981 5.82598
vt 70.2369 71.1994
v 3.76817 0.940941 5.86216
vt 68.8126 71.7893
v 3.76847 0.946044 5.90098
vt 67.2841 71.9905
f 731/2441/553 729/2433/553 718/2423/553 732/2442/553 733/2443/553 734/2444/553 735/2445/553 736/2446/553 737/2447/553 693/2448/553 692/2449/553 738/2450/553 739/2451/553 740/2452/553 741/2453/553 

vt 161.983 64.8124
vn 0.0556026 0.964324 0.258819
vt 161.753 63.288
vn 0.0531822 0.922348 0.382683
vt 308.133 41.2327
vt 308.362 42.7572
f 704/2454/554 703/2455/555 729/2456/555 731/2457/554 

vt 303.647 9.43609
vn 0.0535015 0.927885 0.369007
vt 308.258 38.9415
vt 162.001 61.7951
vt 161.612 61.8558
vt 157.002 32.3504
vt 157.914 32.2079
f 719/2458/556 729/2459/556 703/2460/556 730/2461/556 720/2462/556 508/2463/556 

vt 158.748 79.7674
vn 0.0456686 0.792038 0.608761
vt 158.602 78.2326
vn 0.0407039 0.705934 0.707107
vt 305.974 64.2741
vt 306.12 65.8088
f 703/2464/557 702/2465/558 728/2466/558 729/2467/557 

vt 156.948 83.0012
vt 156.836 81.4636
vn 0.028782 0.499171 0.866025
vt 304.478 70.7332
vt 304.59 72.2708
f 702/2468/558 701/2469/559 727/2470/559 728/2471/558 

vt 155.681 78.0282
vt 155.585 76.4896
vn 0.0148987 0.25839 0.965926
vt 303.329 67.2688
vt 303.425 68.8075
f 701/2472/559 700/2473/560 726/2474/560 727/2475/559 

vt 154.623 66.2072
vt 154.534 64.6682
vn -1.29915e-16 -2.23961e-15 1
vt 302.316 56.0736
vt 302.405 57.6126
f 700/2476/560 699/2477/561 725/2478/561 726/2479/560 

vt 153.604 48.6722
vt 153.514 47.1331
vn -0.0148987 -0.25839 0.965926
vt 301.296 38.5385
vt 301.385 40.0776
f 699/2480/561 698/2481/562 724/2482/562 725/2483/561 

vt 152.474 26.6312
vt 152.378 25.0925
vn -0.028782 -0.499171 0.866025
vt 300.122 15.8718
vt 300.218 17.4104
f 698/2484/562 697/2485/563 723/2486/563 724/2487/562 

vt 151.01 1.29674
vt 150.898 -0.24085
vn -0.0407039 -0.705934 0.707107
vt 298.54 -10.9712
vt 298.652 -9.43364
f 697/2488/563 696/2489/564 722/2490/564 723/2491/563 

vt 148.681 -26.5171
vt 148.535 -28.0519
vt 295.907 -42.0105
vt 296.053 -40.4757
f 696/2492/564 695/2493/547 717/2494/547 722/2495/564 

vn -0.998342 0.057564 -1.49159e-18
vt -36.5755 60.1795
f 730/2391/565 721/2405/565 720/2496/565

vt 168.436 8.79407
vn 0.057564 0.998342 -6.15892e-16
vt 167.813 7.38388
vt 303.221 -52.4323
vt 303.844 -51.0221
f 705/2497/566 704/2498/554 731/2499/554 741/2500/566 

vt -113.902 -114.656
vn 0.0556026 0.964324 -0.258819
vt -114.525 -113.246
vt -249.933 -173.062
vt -249.31 -174.472
f 706/2501/567 705/2502/566 741/2503/566 740/2504/567 

vt -143.23 -59.6493
vn 0.0498519 0.864589 -0.5
vt -143.46 -58.1248
vt -289.839 -80.1801
vt -289.609 -81.7045
f 707/2505/568 706/2506/567 740/2507/567 739/2508/568 

vt -148.535 -28.0519
vn 0.0407039 0.705934 -0.707107
vt -148.681 -26.5171
vt -296.053 -40.4757
vt -295.907 -42.0105
f 708/2509/569 707/2510/568 739/2511/568 738/2512/569 

vt -150.898 -0.24085
vt -151.01 1.29674
vt -298.652 -9.43364
vt -298.54 -10.9712
f 691/2513/545 708/2514/569 738/2515/569 692/2516/545 

vt -167.813 7.38388
vn -0.0570716 -0.989801 -0.130526
vt -168.436 8.79407
vn -0.0556026 -0.964324 -0.258819
vt -303.844 -51.0221
vt -303.221 -52.4323
vt -168.297 7.16991
f 715/2517/570 714/2518/571 732/2519/571 718/2520/570 495/2521/570 

vt -161.753 63.288
vt -161.983 64.8124
vn -0.0498519 -0.864589 -0.5
vt -308.362 42.7572
vt -308.133 41.2327
f 714/2522/571 713/2523/572 733/2524/572 732/2525/571 

vt -158.602 78.2326
vt -158.748 79.7674
vn -0.0407039 -0.705934 -0.707107
vt -306.12 65.8088
vt -305.974 64.2741
f 713/2526/572 712/2527/573 734/2528/573 733/2529/572 

vt -156.836 81.4636
vt -156.948 83.0012
vn -0.028782 -0.499171 -0.866025
vt -304.59 72.2708
vt -304.478 70.7332
f 712/2530/573 711/2531/574 735/2532/574 734/2533/573 

vt -155.585 76.4896
vt -155.681 78.0282
vn -0.0148987 -0.25839 -0.965926
vt -303.425 68.8075
vt -303.329 67.2688
f 711/2534/574 710/2535/575 736/2536/575 735/2537/574 

vt -154.534 64.6682
vt -154.623 66.2072
vn -1.38663e-16 -2.39358e-15 -1
vt -302.405 57.6126
vt -302.316 56.0736
f 710/2538/575 709/2539/576 737/2540/576 736/2541/575 

vt -153.514 47.1331
vt -153.604 48.6722
vt -301.385 40.0776
vt -301.296 38.5385
f 709/2542/576 690/2543/544 693/2544/544 737/2545/576 

g Mesh9 hull1 Model

v -0.0136523 0.948763 0.530858
vt 140.849 -129.818
v -0.0154406 0.917748 0.50702
vt 140.737 -131.356
vt 141.772 -131.431
v 3.86811 0.693824 0.50702
vt 293.484 -142.457
v 3.8699 0.724838 0.530858
vt 293.596 -140.92
vt 141.813 -129.888
f 742/2546/563 743/2547/564 313/2548/564 744/2549/564 745/2550/563 315/2551/563 

v -0.0176754 0.87899 0.439777
vt -282.292 60.7744
vn -0.998342 0.057564 4.93469e-32
v -0.0168128 0.89395 0.475954
vt -280.868 61.3644
vt -279.645 62.3029
vt -278.706 63.526
v -0.0115698 0.98488 0.545843
vt -278.116 64.9503
v -0.00933501 1.02364 0.550954
vt -277.915 66.4787
v -0.00710021 1.0624 0.545843
vt -278.116 68.0072
v -0.0050177 1.09851 0.530858
vt -278.706 69.4315
v -0.00322942 1.12953 0.50702
vt -279.645 70.6546
v -0.00185722 1.15333 0.475954
vt -280.868 71.5931
v -0.000994619 1.16829 0.439777
vt -282.292 72.183
v -0.000700402 1.17339 0.400954
vt -283.821 72.3842
v -0.000994619 1.16829 0.362131
vt -285.349 72.183
v -0.00185722 1.15333 0.325954
vt -286.773 71.5931
v -0.00322942 1.12953 0.294888
vt -287.997 70.6546
v -0.0050177 1.09851 0.271051
vt -288.935 69.4315
v -0.00710021 1.0624 0.256065
vt -289.525 68.0072
v -0.00933501 1.02364 0.250954
vt -289.726 66.4787
v -0.0115698 0.98488 0.256065
vt -289.525 64.9503
v -0.0136523 0.948763 0.271051
vt -288.935 63.526
v -0.0154406 0.917748 0.294888
vt -287.997 62.3029
v -0.0168128 0.89395 0.325954
vt -286.773 61.3644
v -0.0176754 0.87899 0.362131
vt -285.349 60.7744
v -0.0179696 0.873887 0.400954
vt -283.821 60.5732
f 746/2552/577 747/2553/577 743/2554/577 742/2555/577 748/2556/577 749/2557/577 750/2558/577 751/2559/577 752/2560/577 753/2561/577 754/2562/577 755/2563/577 756/2564/577 757/2565/577 758/2566/577 759/2567/577 760/2568/577 761/2569/577 762/2570/577 763/2571/577 764/2572/577 765/2573/577 766/2574/577 767/2575/577 

vt 113.053 -255.703
vt 112.823 -257.227
vt 113.936 -257.395
v 3.86587 0.655065 0.439777
vt 264.264 -280.045
v 3.86674 0.670026 0.475954
vt 264.493 -278.521
vt 114.132 -255.865
f 747/2576/547 746/2577/548 312/2578/548 768/2579/548 769/2580/547 309/2581/547 

vt 27.2201 -309.321
vt 26.5972 -310.731
vn -0.057564 -0.998342 -2.79951e-17
vt 27.6372 -311.191
v 3.86558 0.649963 0.400954
vt 166.687 -372.615
vt 167.31 -371.205
vt 28.2495 -309.776
f 746/2582/548 767/2583/578 342/2584/578 770/2585/578 768/2586/548 312/2587/548 

vt -254.006 204.062
vt -254.629 205.473
vt -255.658 205.018
v 3.86587 0.655065 0.362131
vt -394.719 143.588
vt -394.096 142.178
vt -255.046 203.603
f 767/2588/578 766/2589/571 341/2590/571 771/2591/571 770/2592/578 342/2593/578 

vt -190.959 261.352
vt -191.188 262.876
vt -192.268 262.714
v 3.86674 0.670026 0.325954
vt -342.629 240.058
vt -342.399 238.534
vt -192.072 261.184
f 766/2594/571 765/2595/572 283/2596/572 772/2597/572 771/2598/571 341/2599/571 

vt -174.196 249.555
vt -174.342 251.09
vt -175.374 250.992
v 3.86811 0.693824 0.294888
vt -326.809 236.649
vt -326.664 235.114
vt -175.283 249.452
f 765/2600/572 764/2601/573 286/2602/573 773/2603/573 772/2604/572 283/2605/572 

vt -165.786 213.293
vt -165.897 214.831
vt -166.862 214.761
v 3.8699 0.724838 0.271051
vt -318.644 203.729
vt -318.532 202.192
vt -166.82 213.218
f 764/2606/573 763/2607/574 337/2608/574 774/2609/574 773/2610/573 286/2611/573 

vt -160.141 159.596
vt -160.237 161.135
vt -161.119 161.079
v 3.87198 0.760956 0.256065
vt -313.089 151.595
vt -312.993 150.056
vt -161.105 159.536
f 763/2612/574 762/2613/575 335/2614/575 775/2615/575 774/2616/574 337/2617/574 

vt -155.569 93.3104
vt -155.658 94.8495
vn 1.30023e-07 2.59767e-06 -1
vt -156.453 94.8033
v 3.87421 0.799714 0.250954
vt -308.549 85.9578
vt -308.46 84.4187
vt -156.452 93.2591
f 762/2618/575 761/2619/579 333/2620/579 776/2621/579 775/2622/575 335/2623/575 

vt -151.267 19.3418
vt -151.356 20.8809
vn 0.0148984 0.258386 -0.965927
vt -152.062 20.8397
v 3.87645 0.838473 0.256065
vt -304.247 11.9891
vt -304.158 10.4501
vt -152.062 19.2956
f 761/2624/579 760/2625/580 294/2626/580 777/2627/580 776/2628/579 333/2629/579 

vt -146.61 -57.2054
vt -146.706 -55.6667
vn 0.0287816 0.499165 -0.866029
v 3.87853 0.87459 0.271051
vt -299.558 -65.2062
vt -299.462 -66.7448
vt -147.315 -57.2495
f 760/2630/580 759/2631/581 778/2632/581 777/2633/580 294/2634/580 

vt -140.737 -131.356
vt -140.849 -129.818
v 3.88032 0.905604 0.294888
vt -293.596 -140.92
vt -293.484 -142.457
f 759/2635/581 758/2636/569 779/2637/569 778/2638/581 

vt -131.732 -198.778
vt -131.877 -197.244
v 3.88169 0.929403 0.325954
vt -284.344 -211.685
vt -284.199 -213.22
f 758/2639/569 757/2640/568 780/2641/568 779/2642/569 

vt -112.823 -257.227
vt -113.053 -255.703
v 3.88256 0.944363 0.362131
vt -264.493 -278.521
vt -264.264 -280.045
f 757/2643/568 756/2644/567 781/2645/567 780/2646/568 

vt -26.5972 -310.731
vt -27.2201 -309.321
vn 0.057564 0.998342 -2.40758e-15
vt -27.636 -309.505
v 3.88285 0.949465 0.400954
vt -167.31 -371.205
vt -166.687 -372.615
f 756/2647/567 755/2648/582 385/2649/582 782/2650/582 781/2651/567 

vt 254.629 205.473
vt 254.006 204.062
v 3.88256 0.944363 0.439777
vt 394.096 142.178
vt 394.719 143.588
vt 255.045 205.289
f 755/2652/582 754/2653/554 783/2654/554 782/2655/582 385/2656/582 

vt 191.188 262.876
vt 190.959 261.352
vn 0.0498519 0.864589 0.5
v 3.88169 0.929403 0.475954
vt 342.399 238.534
vt 342.629 240.058
f 754/2657/554 753/2658/583 784/2659/583 783/2660/554 

vt 174.342 251.09
vt 174.196 249.555
v 3.88032 0.905604 0.50702
vt 326.664 235.114
vt 326.809 236.649
f 753/2661/583 752/2662/558 785/2663/558 784/2664/583 

vt 165.897 214.831
vt 165.786 213.293
vn 0.0287816 0.499165 0.866029
v 3.87853 0.87459 0.530858
vt 318.532 202.192
vt 318.644 203.729
f 752/2665/558 751/2666/584 786/2667/584 785/2668/558 

vt 160.236 161.132
vt 160.14 159.593
vn 0.0148984 0.258386 0.965927
vt 160.846 159.549
v 3.87645 0.838473 0.545843
vt 312.993 150.053
vt 313.089 151.592
f 751/2669/584 750/2670/585 304/2671/585 787/2672/585 786/2673/584 

vt 155.658 94.8509
vt 155.569 93.3118
vn 1.30023e-07 2.59767e-06 1
vt 156.364 93.2656
v 3.87421 0.799714 0.550954
vt 308.46 84.4201
vt 308.549 85.9591
vt 156.364 94.8097
f 750/2674/585 749/2675/586 319/2676/586 788/2677/586 787/2678/585 304/2679/585 

vt 151.356 20.8824
vt 151.267 19.3434
vt 152.15 19.292
v 3.87198 0.760956 0.545843
vt 304.158 10.4516
vt 304.248 11.9907
vt 152.151 20.8362
f 749/2680/586 748/2681/562 317/2682/562 789/2683/562 788/2684/586 319/2685/586 

vt 146.706 -55.6706
vt 146.61 -57.2092
vt 147.575 -57.2695
vt 299.462 -66.7488
vt 299.558 -65.2102
vt 147.589 -55.7257
f 748/2686/562 742/2687/563 315/2688/563 745/2689/563 789/2690/562 317/2691/562 

vt 280.868 61.3644
vn 0.998342 -0.057564 -0
vt 282.292 60.7744
vt 283.821 60.5732
vt 285.349 60.7744
vt 286.773 61.3644
vt 287.997 62.3029
vt 288.935 63.526
vt 289.525 64.9503
vt 289.726 66.4787
vt 289.525 68.0072
vt 288.935 69.4315
vt 287.997 70.6546
vt 286.773 71.5931
vt 285.349 72.183
vt 283.821 72.3842
vt 282.292 72.183
vt 280.868 71.5931
vt 279.645 70.6546
vt 278.706 69.4315
vt 278.116 68.0072
vt 277.915 66.4787
vt 278.116 64.9503
vt 278.706 63.526
vt 279.645 62.3029
f 769/2692/587 768/2693/587 770/2694/587 771/2695/587 772/2696/587 773/2697/587 774/2698/587 775/2699/587 776/2700/587 777/2701/587 778/2702/587 779/2703/587 780/2704/587 781/2705/587 782/2706/587 783/2707/587 784/2708/587 785/2709/587 786/2710/587 787/2711/587 788/2712/587 789/2713/587 745/2714/587 744/2715/587 

vt 131.877 -197.244
vt 131.732 -198.778
vt 132.818 -198.881
vt 284.199 -213.22
vt 284.344 -211.685
vt 132.91 -197.341
f 743/2716/564 747/2717/547 309/2718/547 769/2719/547 744/2720/564 313/2721/564 

g Mesh10 hull1 Model

v 0.0534795 1.14012 0.488132
vt -280.388 71.1994
v 0.0373671 0.86068 0.413132
vt -283.341 60.1795
v 0.0373671 0.86068 1.19313
vt -252.633 60.1795
f 790/2722/565 791/2723/565 792/2724/565

v 3.87713 0.919649 0.488132
vt -302.116 -21.8378
v 3.86102 0.640209 0.413132
vt -301.437 -33.2261
vt -150.917 -24.241
vt -151.597 -12.8527
f 793/2725/544 794/2726/544 791/2727/544 790/2728/544 

vt 283.341 60.1795
vn 0.998342 -0.057564 1.49159e-18
vt 280.388 71.1994
v 3.86102 0.640209 1.19313
vt 252.633 60.1795
f 794/2729/588 793/2730/588 795/2731/588

vt 338.928 207.169
vt 343.538 236.675
vt 194.558 259.954
vt 189.948 230.448
f 795/2732/556 793/2733/556 790/2734/556 792/2735/556 

vt -283.341 -302.881
vn -0.057564 -0.998342 -0
vt -252.633 -302.881
vt -252.633 -152.093
vt -283.341 -152.093
f 794/2736/589 795/2737/589 792/2738/589 791/2739/589 

g Mesh11 hull1 Model

v -1.37297 0.82569 0.371774
vt 300.838 51.0605
vn 0.69174 -0.698943 0.181586
v -1.4025 0.801505 0.363052
vt 300.881 49.5195
vn 0.494836 -0.860175 0.123437
v 0.059016 0.89492 -4.84495
vt 513.79 55.4718
v 0.0885517 0.919104 -4.83623
vt 513.747 57.0129
f 796/2740/590 797/2741/591 798/2742/591 799/2743/590 

v -1.4371 0.786113 0.353068
vt 16.4429 43.1782
vn -0.270152 -0.017267 0.962663
vt 17.8604 43.7842
vt 19.0727 44.7365
v -1.3505 0.857019 0.378641
vt 19.9973 45.9702
v -1.33664 0.893359 0.383183
vt 20.5711 47.4011
v -1.33233 0.932231 0.385091
vt 20.755 48.9317
v -1.33785 0.970988 0.384236
vt 20.5365 50.4578
v -1.35284 1.00699 0.380675
vt 19.9304 51.8753
v -1.37627 1.03778 0.374651
vt 18.9781 53.0877
v -1.40655 1.06126 0.366575
vt 17.7445 54.0122
v -1.44161 1.07583 0.356998
vt 16.3136 54.586
vt 14.7829 54.7699
v -1.51636 1.07495 0.336005
vt 13.2568 54.5514
v -1.55096 1.05956 0.326021
vt 11.8393 53.9453
v -1.58049 1.03537 0.317299
vt 10.627 52.993
v -1.60296 1.00404 0.310432
vt 9.7024 51.7594
v -1.61682 0.967704 0.30589
vt 9.12861 50.3285
v -1.62113 0.928832 0.303982
vt 8.94472 48.7978
v -1.61561 0.890075 0.304837
vt 9.16326 47.2718
v -1.60062 0.854075 0.308398
vt 9.76933 45.8542
v -1.57719 0.823286 0.314422
vt 10.7216 44.6419
v -1.54691 0.799805 0.322498
vt 11.9553 43.7173
v -1.51185 0.785233 0.332075
vt 13.3861 43.1435
v -1.47439 0.780563 0.342502
vt 14.9168 42.9596
f 800/2744/592 797/2745/592 796/2746/592 801/2747/592 802/2748/592 803/2749/592 804/2750/592 805/2751/592 806/2752/592 807/2753/592 808/2754/592 641/2755/592 809/2756/592 810/2757/592 811/2758/592 812/2759/592 813/2760/592 814/2761/592 815/2762/592 816/2763/592 817/2764/592 818/2765/592 819/2766/592 820/2767/592 

vt 300.381 46.8629
vt 300.448 45.3228
vn 0.264209 -0.962787 0.0568756
v 0.024422 0.879528 -4.85494
vt 513.235 54.6702
vt 513.168 56.2103
f 797/2768/591 800/2769/593 821/2770/593 798/2771/591 

vt 297.222 58.773
vt 297.408 57.2427
vn 0.0155769 -0.999787 -0.0135616
v -0.0128728 0.873978 -4.8655
vt 508.837 83.0006
vt 508.651 84.5309
f 800/2772/593 820/2773/594 822/2774/594 821/2775/593 

vt -300.418 33.7076
vt -300.197 35.2334
vn -0.234117 -0.968653 -0.0830746
v -0.0503269 0.878648 -4.87593
vt -510.991 65.7522
vt -511.212 64.2265
f 820/2776/594 819/2777/595 823/2778/595 822/2779/594 

vt -301.655 17.6338
vt -301.583 19.1738
vn -0.467856 -0.871506 -0.146926
v -0.0853878 0.89322 -4.88551
vt -514.346 29.0461
vt -514.418 27.5061
f 819/2780/595 818/2781/596 824/2782/596 823/2783/595 

vt -301.543 25.342
vt -301.499 26.8831
vn -0.669711 -0.714969 -0.200765
v -0.115666 0.916701 -4.89358
vt -514.403 33.0137
vt -514.447 31.4727
f 818/2784/596 817/2785/597 825/2786/597 824/2787/596 

vt -301.45 35.1104
vt -301.416 36.6517
vn -0.825927 -0.509707 -0.240922
v -0.139098 0.94749 -4.89961
vt -514.357 41.3279
vt -514.39 39.7866
f 817/2788/597 816/2789/598 826/2790/598 825/2791/597 

vt -301.375 43.9887
vt -301.346 45.5301
vn -0.925857 -0.269709 -0.264661
v -0.154088 0.98349 -4.90317
vt -514.301 49.5298
vt -514.33 47.9884
f 816/2792/598 815/2793/599 827/2794/599 826/2795/598 

vt -301.308 50.759
vt -301.281 52.3004
vn -0.962692 -0.0113316 -0.270363
v -0.159613 1.02225 -4.90402
vt -514.241 56.0156
vt -514.268 54.4742
f 815/2796/599 814/2797/600 828/2798/600 827/2799/599 

vt -301.241 54.7636
vt -301.214 56.305
vn -0.93392 0.247818 -0.257641
v -0.155297 1.06112 -4.90212
vt -514.174 60.0092
vt -514.201 58.4678
f 814/2800/600 813/2801/601 829/2802/601 828/2803/600 

vt -301.163 55.7225
vt -301.135 57.2639
vn -0.841504 0.49008 -0.227361
v -0.141435 1.09746 -4.89757
vt -514.09 61.2262
vt -514.119 59.6849
f 813/2804/601 812/2805/602 830/2806/602 829/2807/601 

vt -301.058 53.7451
vt -301.025 55.2864
vn -0.69174 0.698943 -0.181586
v -0.11897 1.12879 -4.89071
vt -513.968 59.882
vt -514.001 58.3407
f 812/2808/602 811/2809/603 831/2810/603 830/2811/602 

vt -300.881 49.5195
vt -300.838 51.0605
vn -0.494836 0.860175 -0.123437
v -0.0894347 1.15297 -4.88199
vt -513.747 57.0129
vt -513.79 55.4718
f 811/2812/603 810/2813/604 832/2814/604 831/2815/603 

vt -300.448 45.3228
vt -300.381 46.8629
vn -0.264209 0.962787 -0.0568756
v -0.0548407 1.16836 -4.872
vt -513.168 56.2103
vt -513.235 54.6702
f 810/2816/604 809/2817/605 833/2818/605 832/2819/604 

vt -297.408 57.2427
vt -297.222 58.773
vn -0.0155769 0.999787 0.0135616
v -0.0175459 1.17391 -4.86144
vt -508.651 84.5309
vt -508.837 83.0006
f 809/2820/605 641/2821/606 834/2822/606 833/2823/605 

vt 300.197 35.2334
vt 300.418 33.7076
vn 0.234117 0.968653 0.0830746
v 0.0199082 1.16924 -4.85101
vt 511.212 64.2265
vt 510.991 65.7522
f 641/2824/606 808/2825/607 835/2826/607 834/2827/606 

vt 301.583 19.1738
vt 301.655 17.6338
vn 0.467856 0.871506 0.146926
v 0.054969 1.15467 -4.84143
vt 514.418 27.5061
vt 514.346 29.0461
f 808/2828/607 807/2829/608 836/2830/608 835/2831/607 

vt 301.499 26.8831
vt 301.543 25.342
vn 0.669711 0.714969 0.200765
v 0.0852473 1.13119 -4.83336
vt 514.447 31.4727
vt 514.403 33.0137
f 807/2832/608 806/2833/609 837/2834/609 836/2835/608 

vt 301.416 36.6517
vt 301.45 35.1104
vn 0.825927 0.509707 0.240922
v 0.10868 1.1004 -4.82733
vt 514.39 39.7866
vt 514.357 41.3279
f 806/2836/609 805/2837/610 838/2838/610 837/2839/609 

vt 301.346 45.5301
vt 301.375 43.9887
vn 0.925857 0.269709 0.264661
v 0.123669 1.0644 -4.82377
vt 514.33 47.9884
vt 514.301 49.5298
f 805/2840/610 804/2841/611 839/2842/611 838/2843/610 

vt 301.281 52.3004
vt 301.308 50.759
vn 0.962692 0.0113316 0.270363
v 0.129194 1.02565 -4.82292
vt 514.268 54.4742
vt 514.241 56.0156
f 804/2844/611 803/2845/612 840/2846/612 839/2847/611 

vt 301.214 56.305
vt 301.241 54.7636
vn 0.93392 -0.247818 0.257641
v 0.124879 0.986773 -4.82482
vt 514.201 58.4678
vt 514.174 60.0092
f 803/2848/612 802/2849/613 841/2850/613 840/2851/612 

vt 301.135 57.2639
vt 301.163 55.7225
vn 0.841504 -0.49008 0.227361
v 0.111016 0.950434 -4.82937
vt 514.119 59.6849
vt 514.09 61.2262
f 802/2852/613 801/2853/614 842/2854/614 841/2855/613 

vt 301.025 55.2864
vt 301.058 53.7451
vt 514.001 58.3407
vt 513.968 59.882
f 801/2856/614 796/2857/590 799/2858/590 842/2859/614 

vt -17.8604 43.7842
vn 0.270152 0.017267 -0.962663
vt -16.4429 43.1782
vt -14.9168 42.9596
vt -13.3861 43.1435
vt -11.9553 43.7173
vt -10.7216 44.6419
vt -9.76933 45.8542
vt -9.16326 47.2718
vt -8.94472 48.7978
vt -9.12861 50.3285
vt -9.7024 51.7594
vt -10.627 52.993
vt -11.8393 53.9453
vt -13.2568 54.5514
vt -14.7829 54.7699
vt -16.3136 54.586
vt -17.7445 54.0122
vt -18.9781 53.0877
vt -19.9304 51.8753
vt -20.5365 50.4578
vt -20.755 48.9317
vt -20.5711 47.4011
vt -19.9973 45.9702
vt -19.0727 44.7365
f 798/2860/615 821/2861/615 822/2862/615 823/2863/615 824/2864/615 825/2865/615 826/2866/615 827/2867/615 828/2868/615 829/2869/615 830/2870/615 831/2871/615 832/2872/615 833/2873/615 834/2874/615 835/2875/615 836/2876/615 837/2877/615 838/2878/615 839/2879/615 840/2880/615 841/2881/615 842/2882/615 799/2883/615 

g Mesh12 hull1 Model

v -3.87341 0.918611 0.488132
vt -38.9082 277.642
v -3.8573 0.639171 1.19313
vt -34.2978 248.136
v -0.0336471 0.859642 1.19313
vt 114.682 271.415
v -0.0497594 1.13908 0.488132
vt 110.071 300.921
f 843/2884/411 844/2885/411 845/2886/411 846/2887/411 

vt -280.388 53.4395
vn -0.998342 -0.057564 1.49159e-18
v -3.8573 0.639171 0.413132
vt -283.341 42.4196
vt -252.633 42.4196
f 843/2888/616 847/2889/616 844/2890/616

vt -6.34184 -32.0389
vt -5.66203 -20.6506
vt -156.181 -11.6656
v -0.0336471 0.859642 0.413132
vt -156.861 -23.0539
f 847/2891/322 843/2892/322 846/2893/322 848/2894/322 

vt 283.341 42.4196
vt 280.388 53.4395
vt 252.633 42.4196
f 848/2895/418 846/2896/418 845/2897/418

vt 252.633 4.42145
vn 0.057564 -0.998342 -0
vt 283.341 4.42145
vt 283.341 155.209
vt 252.633 155.209
f 844/2898/617 847/2899/617 848/2900/617 845/2901/617 

