<?xml version="1.0" encoding="UTF-8" standalone="no" ?>
<COLLADA xmlns="http://www.collada.org/2005/11/COLLADASchema" version="1.4.1">
    <asset>
        <contributor>
            <authoring_tool>SketchUp 24.0.594</authoring_tool>
        </contributor>
        <created>2026-09-17T00:06:23Z</created>
        <modified>2026-09-17T00:06:23Z</modified>
        <unit meter="0.0254" name="inch" />
        <up_axis>Z_UP</up_axis>
    </asset>
    <library_cameras>
        <camera id="ID1" name="skp_camera_Last_Saved_SketchUp_View">
            <optics>
                <technique_common>
                    <perspective>
                        <yfov>35</yfov>
                        <aspect_ratio>0</aspect_ratio>
                        <znear>1</znear>
                        <zfar>1000</zfar>
                    </perspective>
                </technique_common>
            </optics>
        </camera>
    </library_cameras>
    <library_visual_scenes>
        <visual_scene id="ID2">
            <node name="SketchUp">
                <node name="skp_camera_Last_Saved_SketchUp_View">
                    <matrix>0.5682286 -0.1055886 0.8160682 3038.142 0.8228707 0.07291359 -0.5635312 -2182.456 0 0.9917331 0.1283174 679.8918 0 0 0 1</matrix>
                    <instance_camera url="#ID1" />
                </node>
                <node id="ID3" name="instance_0">
                    <matrix>1 0 0 -153.7723 0 1 0 -299.6063 0 0 1 -17.44032 0 0 0 1</matrix>
                    <instance_node url="#ID4" />
                </node>
            </node>
        </visual_scene>
    </library_visual_scenes>
    <library_nodes>
        <node id="ID4" name="casco">
            <node id="ID5" name="group_0">
                <matrix>-1 0 0 307.7138 0 1 0 0 0 -0 1 0 0 0 0 1</matrix>
                <node id="ID6" name="group_1">
                    <matrix>0.9983418 0 -0.05756403 1.815252 0 1 0 54.92848 0.05756403 -0 0.9983418 42.59477 0 0 0 1</matrix>
                    <instance_geometry url="#ID7">
                        <bind_material>
                            <technique_common>
                                <instance_material symbol="Material2" target="#ID9">
                                    <bind_vertex_input semantic="UVSET0" input_semantic="TEXCOORD" input_set="0" />
                                </instance_material>
                            </technique_common>
                        </bind_material>
                    </instance_geometry>
                    <instance_geometry url="#ID15">
                        <bind_material>
                            <technique_common>
                                <instance_material symbol="Material2" target="#ID9">
                                    <bind_vertex_input semantic="UVSET0" input_semantic="TEXCOORD" input_set="0" />
                                </instance_material>
                            </technique_common>
                        </bind_material>
                    </instance_geometry>
                    <instance_geometry url="#ID21">
                        <bind_material>
                            <technique_common>
                                <instance_material symbol="Material2" target="#ID9">
                                    <bind_vertex_input semantic="UVSET0" input_semantic="TEXCOORD" input_set="0" />
                                </instance_material>
                            </technique_common>
                        </bind_material>
                    </instance_geometry>
                    <instance_geometry url="#ID27">
                        <bind_material>
                            <technique_common>
                                <instance_material symbol="Material2" target="#ID9">
                                    <bind_vertex_input semantic="UVSET0" input_semantic="TEXCOORD" input_set="0" />
                                </instance_material>
                            </technique_common>
                        </bind_material>
                    </instance_geometry>
                </node>
                <node id="ID33" name="group_2">
                    <matrix>1 0 0 0 0 1 0 0 0 0 1 0 0 0 0 1</matrix>
                    <instance_geometry url="#ID34">
                        <bind_material>
                            <technique_common>
                                <instance_material symbol="Material2" target="#ID9">
                                    <bind_vertex_input semantic="UVSET0" input_semantic="TEXCOORD" input_set="0" />
                                </instance_material>
                            </technique_common>
                        </bind_material>
                    </instance_geometry>
                    <instance_geometry url="#ID40">
                        <bind_material>
                            <technique_common>
                                <instance_material symbol="Material2" target="#ID41">
                                    <bind_vertex_input semantic="UVSET0" input_semantic="TEXCOORD" input_set="0" />
                                </instance_material>
                            </technique_common>
                        </bind_material>
                    </instance_geometry>
                </node>
            </node>
            <node id="ID46" name="group_3">
                <matrix>1 0 0 0 0 1 0 0 0 0 1 0 0 0 0 1</matrix>
                <node id="ID47" name="group_1">
                    <matrix>0.9983418 0 -0.05756403 1.815252 0 1 0 54.92848 0.05756403 -0 0.9983418 42.59477 0 0 0 1</matrix>
                    <instance_geometry url="#ID48">
                        <bind_material>
                            <technique_common>
                                <instance_material symbol="Material2" target="#ID9">
                                    <bind_vertex_input semantic="UVSET0" input_semantic="TEXCOORD" input_set="0" />
                                </instance_material>
                            </technique_common>
                        </bind_material>
                    </instance_geometry>
                    <instance_geometry url="#ID54">
                        <bind_material>
                            <technique_common>
                                <instance_material symbol="Material2" target="#ID9">
                                    <bind_vertex_input semantic="UVSET0" input_semantic="TEXCOORD" input_set="0" />
                                </instance_material>
                            </technique_common>
                        </bind_material>
                    </instance_geometry>
                    <instance_geometry url="#ID60">
                        <bind_material>
                            <technique_common>
                                <instance_material symbol="Material2" target="#ID9">
                                    <bind_vertex_input semantic="UVSET0" input_semantic="TEXCOORD" input_set="0" />
                                </instance_material>
                            </technique_common>
                        </bind_material>
                    </instance_geometry>
                    <instance_geometry url="#ID66">
                        <bind_material>
                            <technique_common>
                                <instance_material symbol="Material2" target="#ID9">
                                    <bind_vertex_input semantic="UVSET0" input_semantic="TEXCOORD" input_set="0" />
                                </instance_material>
                            </technique_common>
                        </bind_material>
                    </instance_geometry>
                </node>
                <node id="ID72" name="group_2">
                    <matrix>1 0 0 0 0 1 0 0 0 0 1 0 0 0 0 1</matrix>
                    <instance_geometry url="#ID73">
                        <bind_material>
                            <technique_common>
                                <instance_material symbol="Material2" target="#ID9">
                                    <bind_vertex_input semantic="UVSET0" input_semantic="TEXCOORD" input_set="0" />
                                </instance_material>
                            </technique_common>
                        </bind_material>
                    </instance_geometry>
                    <instance_geometry url="#ID79">
                        <bind_material>
                            <technique_common>
                                <instance_material symbol="Material2" target="#ID41">
                                    <bind_vertex_input semantic="UVSET0" input_semantic="TEXCOORD" input_set="0" />
                                </instance_material>
                            </technique_common>
                        </bind_material>
                    </instance_geometry>
                </node>
            </node>
        </node>
    </library_nodes>
    <library_geometries>
        <geometry id="ID7">
            <mesh>
                <source id="ID10">
                    <float_array id="ID13" count="288">152.5195 18.26118 5.905512 152.5195 18.05995 4.377053 152.5195 18.05995 7.433971 152.5195 17.46999 8.858268 152.5195 17.46999 2.952756 152.5195 16.53149 10.08134 152.5195 16.53149 1.729684 152.5195 15.30842 11.01984 152.5195 15.30842 0.7911886 152.5195 13.88412 0.2012254 152.5195 13.88412 11.6098 152.5195 12.35566 11.81102 152.5195 12.35566 0 152.5195 10.82721 11.6098 152.5195 10.82721 0.2012254 152.5195 9.402909 0.7911886 152.5195 9.402909 11.01984 152.5195 8.179837 10.08134 152.5195 8.179837 1.729684 152.5195 7.241341 8.858268 152.5195 7.241341 2.952756 152.5195 6.651378 7.433971 152.5195 6.651378 4.377053 152.5195 6.450153 5.905512 152.5195 9.402909 0.7911886 152.5195 10.82721 0.2012254 4.487985 9.402909 0.7911886 4.487985 10.82721 0.2012254 152.5195 12.35566 0 4.487985 12.35566 1.348921e-14 152.5195 13.88412 0.2012254 4.487985 13.88412 0.2012254 152.5195 15.30842 0.7911886 4.487985 15.30842 0.7911886 152.5195 16.53149 1.729684 4.487985 16.53149 1.729684 4.487985 17.46999 2.952756 152.5195 17.46999 2.952756 4.487985 18.05995 4.377053 152.5195 18.05995 4.377053 4.487985 18.26118 5.905512 152.5195 18.26118 5.905512 4.487985 18.05995 7.433971 152.5195 18.05995 7.433971 4.487985 17.46999 8.858268 152.5195 17.46999 8.858268 4.487985 16.53149 10.08134 152.5195 16.53149 10.08134 152.5195 15.30842 11.01984 4.487985 15.30842 11.01984 152.5195 13.88412 11.6098 4.487985 13.88412 11.6098 152.5195 12.35566 11.81102 4.487985 12.35566 11.81102 152.5195 10.82721 11.6098 4.487985 10.82721 11.6098 152.5195 9.402909 11.01984 4.487985 9.402909 11.01984 152.5195 8.179837 10.08134 4.487985 8.179837 10.08134 4.487985 7.241341 8.858268 152.5195 7.241341 8.858268 4.487985 6.651378 7.433971 152.5195 6.651378 7.433971 4.487985 6.450153 5.905512 152.5195 6.450153 5.905512 4.487985 6.651378 4.377053 152.5195 6.651378 4.377053 4.487985 7.241341 2.952756 152.5195 7.241341 2.952756 4.487985 8.179837 1.729684 152.5195 8.179837 1.729684 4.487985 18.26118 5.905512 4.487985 18.05995 7.433971 4.487985 18.05995 4.377053 4.487985 17.46999 2.952756 4.487985 17.46999 8.858268 4.487985 16.53149 1.729684 4.487985 16.53149 10.08134 4.487985 15.30842 0.7911886 4.487985 15.30842 11.01984 4.487985 13.88412 0.2012254 4.487985 13.88412 11.6098 4.487985 12.35566 1.348921e-14 4.487985 12.35566 11.81102 4.487985 10.82721 0.2012254 4.487985 10.82721 11.6098 4.487985 9.402909 0.7911886 4.487985 9.402909 11.01984 4.487985 8.179837 1.729684 4.487985 8.179837 10.08134 4.487985 7.241341 2.952756 4.487985 7.241341 8.858268 4.487985 6.651378 4.377053 4.487985 6.651378 7.433971 4.487985 6.450153 5.905512</float_array>
                    <technique_common>
                        <accessor count="96" source="#ID13" stride="3">
                            <param name="X" type="float" />
                            <param name="Y" type="float" />
                            <param name="Z" type="float" />
                        </accessor>
                    </technique_common>
                </source>
                <source id="ID11">
                    <float_array id="ID14" count="288">1 -1.297956e-31 -8.989557e-17 1 -1.297956e-31 -8.989557e-17 1 -1.297956e-31 -8.989557e-17 1 -1.297956e-31 -8.989557e-17 1 -1.297956e-31 -8.989557e-17 1 -1.297956e-31 -8.989557e-17 1 -1.297956e-31 -8.989557e-17 1 -1.297956e-31 -8.989557e-17 1 -1.297956e-31 -8.989557e-17 1 -1.297956e-31 -8.989557e-17 1 -1.297956e-31 -8.989557e-17 1 -1.297956e-31 -8.989557e-17 1 -1.297956e-31 -8.989557e-17 1 -1.297956e-31 -8.989557e-17 1 -1.297956e-31 -8.989557e-17 1 -1.297956e-31 -8.989557e-17 1 -1.297956e-31 -8.989557e-17 1 -1.297956e-31 -8.989557e-17 1 -1.297956e-31 -8.989557e-17 1 -1.297956e-31 -8.989557e-17 1 -1.297956e-31 -8.989557e-17 1 -1.297956e-31 -8.989557e-17 1 -1.297956e-31 -8.989557e-17 1 -1.297956e-31 -8.989557e-17 -7.785184e-17 -0.5 -0.8660254 -8.683245e-17 -0.258819 -0.9659258 -7.785184e-17 -0.5 -0.8660254 -8.683245e-17 -0.258819 -0.9659258 -8.989557e-17 0 -1 -8.989557e-17 0 -1 -8.683245e-17 0.258819 -0.9659258 -8.683245e-17 0.258819 -0.9659258 -7.785184e-17 0.5 -0.8660254 -7.785184e-17 0.5 -0.8660254 -6.356576e-17 0.7071068 -0.7071068 -6.356576e-17 0.7071068 -0.7071068 -4.494778e-17 0.8660254 -0.5 -4.494778e-17 0.8660254 -0.5 -2.326668e-17 0.9659258 -0.258819 -2.326668e-17 0.9659258 -0.258819 -8.607188e-32 1 -2.397089e-15 -1.563144e-31 1 -3.163444e-15 2.326668e-17 0.9659258 0.258819 2.326668e-17 0.9659258 0.258819 4.494778e-17 0.8660254 0.5 4.494778e-17 0.8660254 0.5 6.356576e-17 0.7071068 0.7071068 6.356576e-17 0.7071068 0.7071068 7.785184e-17 0.5 0.8660254 7.785184e-17 0.5 0.8660254 8.683245e-17 0.258819 0.9659258 8.683245e-17 0.258819 0.9659258 8.989557e-17 6.148666e-16 1 8.989557e-17 6.148666e-16 1 8.683245e-17 -0.258819 0.9659258 8.683245e-17 -0.258819 0.9659258 7.785184e-17 -0.5 0.8660254 7.785184e-17 -0.5 0.8660254 6.356576e-17 -0.7071068 0.7071068 6.356576e-17 -0.7071068 0.7071068 4.494778e-17 -0.8660254 0.5 4.494778e-17 -0.8660254 0.5 2.326668e-17 -0.9659258 0.258819 2.326668e-17 -0.9659258 0.258819 -3.314262e-31 -1 -2.254511e-15 -4.016688e-31 -1 -3.029777e-15 -2.326668e-17 -0.9659258 -0.258819 -2.326668e-17 -0.9659258 -0.258819 -4.494778e-17 -0.8660254 -0.5 -4.494778e-17 -0.8660254 -0.5 -6.356576e-17 -0.7071068 -0.7071068 -6.356576e-17 -0.7071068 -0.7071068 -1 1.297956e-31 8.989557e-17 -1 1.297956e-31 8.989557e-17 -1 1.297956e-31 8.989557e-17 -1 1.297956e-31 8.989557e-17 -1 1.297956e-31 8.989557e-17 -1 1.297956e-31 8.989557e-17 -1 1.297956e-31 8.989557e-17 -1 1.297956e-31 8.989557e-17 -1 1.297956e-31 8.989557e-17 -1 1.297956e-31 8.989557e-17 -1 1.297956e-31 8.989557e-17 -1 1.297956e-31 8.989557e-17 -1 1.297956e-31 8.989557e-17 -1 1.297956e-31 8.989557e-17 -1 1.297956e-31 8.989557e-17 -1 1.297956e-31 8.989557e-17 -1 1.297956e-31 8.989557e-17 -1 1.297956e-31 8.989557e-17 -1 1.297956e-31 8.989557e-17 -1 1.297956e-31 8.989557e-17 -1 1.297956e-31 8.989557e-17 -1 1.297956e-31 8.989557e-17 -1 1.297956e-31 8.989557e-17 -1 1.297956e-31 8.989557e-17</float_array>
                    <technique_common>
                        <accessor count="96" source="#ID14" stride="3">
                            <param name="X" type="float" />
                            <param name="Y" type="float" />
                            <param name="Z" type="float" />
                        </accessor>
                    </technique_common>
                </source>
                <vertices id="ID12">
                    <input semantic="POSITION" source="#ID10" />
                    <input semantic="NORMAL" source="#ID11" />
                </vertices>
                <triangles count="92" material="Material2">
                    <input offset="0" semantic="VERTEX" source="#ID12" />
                    <p>0 1 2 2 1 3 1 4 3 3 4 5 4 6 5 5 6 7 6 8 7 8 9 7 7 9 10 10 9 11 9 12 11 11 12 13 12 14 13 14 15 13 13 15 16 16 15 17 15 18 17 17 18 19 18 20 19 19 20 21 20 22 21 23 21 22 24 25 26 27 26 25 25 28 27 29 27 28 28 30 29 31 29 30 30 32 31 33 31 32 32 34 33 35 33 34 36 35 37 34 37 35 38 36 39 37 39 36 40 38 41 39 41 38 42 40 43 41 43 40 44 42 45 43 45 42 46 44 47 45 47 44 47 48 46 49 46 48 48 50 49 51 49 50 50 52 51 53 51 52 52 54 53 55 53 54 54 56 55 57 55 56 56 58 57 59 57 58 59 58 60 61 60 58 60 61 62 63 62 61 62 63 64 65 64 63 64 65 66 67 66 65 66 67 68 69 68 67 68 69 70 71 70 69 71 24 70 26 70 24 72 73 74 74 73 75 73 76 75 75 76 77 76 78 77 77 78 79 78 80 79 79 80 81 80 82 81 81 82 83 82 84 83 83 84 85 84 86 85 85 86 87 86 88 87 87 88 89 88 90 89 89 90 91 90 92 91 91 92 93 92 94 93 95 93 94</p>
                </triangles>
            </mesh>
        </geometry>
        <geometry id="ID15">
            <mesh>
                <source id="ID16">
                    <float_array id="ID19" count="288">152.1831 562.6887 9.733264 152.1831 443.0037 9.733264 151.6134 562.6887 9.497279 151.6134 443.0037 9.497279 152.7945 443.0037 9.813754 153.4059 443.0037 9.733264 152.1831 443.0037 9.733264 151.6134 443.0037 9.497279 153.9756 443.0037 9.497279 151.1241 443.0037 9.12188 154.4648 443.0037 9.12188 150.7488 443.0037 8.632652 154.8402 443.0037 8.632652 150.5128 443.0037 8.062933 155.0762 443.0037 8.062933 150.4323 443.0037 7.451549 155.1567 443.0037 7.451549 150.5128 443.0037 6.840166 155.0762 443.0037 6.840166 150.7488 443.0037 6.270447 154.8402 443.0037 6.270447 151.1241 443.0037 5.781218 154.4648 443.0037 5.781218 151.6134 443.0037 5.40582 153.9756 443.0037 5.40582 152.1831 443.0037 5.169835 153.4059 443.0037 5.169835 152.7945 443.0037 5.089344 152.7945 562.6887 9.813754 152.7945 443.0037 9.813754 152.7945 562.6887 9.813754 152.1831 562.6887 9.733264 153.4059 562.6887 9.733264 153.9756 562.6887 9.497279 151.6134 562.6887 9.497279 154.4648 562.6887 9.12188 151.1241 562.6887 9.12188 154.8402 562.6887 8.632652 150.7488 562.6887 8.632652 155.0762 562.6887 8.062933 150.5128 562.6887 8.062933 155.1567 562.6887 7.451549 150.4323 562.6887 7.451549 155.0762 562.6887 6.840166 150.5128 562.6887 6.840166 154.8402 562.6887 6.270447 150.7488 562.6887 6.270447 154.4648 562.6887 5.781218 151.1241 562.6887 5.781218 153.9756 562.6887 5.40582 151.6134 562.6887 5.40582 153.4059 562.6887 5.169835 152.1831 562.6887 5.169835 152.7945 562.6887 5.089344 151.1241 562.6887 9.12188 151.1241 443.0037 9.12188 154.4648 562.6887 9.12188 154.8402 562.6887 8.632652 154.4648 443.0037 9.12188 154.8402 443.0037 8.632652 153.9756 562.6887 9.497279 153.9756 443.0037 9.497279 153.4059 562.6887 9.733264 153.4059 443.0037 9.733264 150.7488 562.6887 8.632652 150.7488 443.0037 8.632652 150.5128 562.6887 8.062933 150.5128 443.0037 8.062933 150.4323 562.6887 7.451549 150.4323 443.0037 7.451549 150.5128 562.6887 6.840166 150.5128 443.0037 6.840166 150.7488 562.6887 6.270447 150.7488 443.0037 6.270447 151.1241 562.6887 5.781218 151.1241 443.0037 5.781218 151.6134 443.0037 5.40582 151.6134 562.6887 5.40582 152.1831 443.0037 5.169835 152.1831 562.6887 5.169835 152.7945 443.0037 5.089344 152.7945 562.6887 5.089344 153.4059 443.0037 5.169835 153.4059 562.6887 5.169835 153.9756 443.0037 5.40582 153.9756 562.6887 5.40582 154.4648 443.0037 5.781218 154.4648 562.6887 5.781218 154.8402 562.6887 6.270447 154.8402 443.0037 6.270447 155.0762 562.6887 6.840166 155.0762 443.0037 6.840166 155.1567 562.6887 7.451549 155.1567 443.0037 7.451549 155.0762 562.6887 8.062933 155.0762 443.0037 8.062933</float_array>
                    <technique_common>
                        <accessor count="96" source="#ID19" stride="3">
                            <param name="X" type="float" />
                            <param name="Y" type="float" />
                            <param name="Z" type="float" />
                        </accessor>
                    </technique_common>
                </source>
                <source id="ID17">
                    <float_array id="ID20" count="288">-0.258819 3.48695e-15 0.9659258 -0.258819 3.48695e-15 0.9659258 -0.5 3.126314e-15 0.8660254 -0.5 3.126314e-15 0.8660254 6.007958e-30 -1 3.609956e-15 6.007958e-30 -1 3.609956e-15 6.007958e-30 -1 3.609956e-15 6.007958e-30 -1 3.609956e-15 6.007958e-30 -1 3.609956e-15 6.007958e-30 -1 3.609956e-15 6.007958e-30 -1 3.609956e-15 6.007958e-30 -1 3.609956e-15 6.007958e-30 -1 3.609956e-15 6.007958e-30 -1 3.609956e-15 6.007958e-30 -1 3.609956e-15 6.007958e-30 -1 3.609956e-15 6.007958e-30 -1 3.609956e-15 6.007958e-30 -1 3.609956e-15 6.007958e-30 -1 3.609956e-15 6.007958e-30 -1 3.609956e-15 6.007958e-30 -1 3.609956e-15 6.007958e-30 -1 3.609956e-15 6.007958e-30 -1 3.609956e-15 6.007958e-30 -1 3.609956e-15 6.007958e-30 -1 3.609956e-15 6.007958e-30 -1 3.609956e-15 6.007958e-30 -1 3.609956e-15 6.007958e-30 -1 3.609956e-15 0 3.609956e-15 1 0 3.609956e-15 1 -6.007958e-30 1 -3.609956e-15 -6.007958e-30 1 -3.609956e-15 -6.007958e-30 1 -3.609956e-15 -6.007958e-30 1 -3.609956e-15 -6.007958e-30 1 -3.609956e-15 -6.007958e-30 1 -3.609956e-15 -6.007958e-30 1 -3.609956e-15 -6.007958e-30 1 -3.609956e-15 -6.007958e-30 1 -3.609956e-15 -6.007958e-30 1 -3.609956e-15 -6.007958e-30 1 -3.609956e-15 -6.007958e-30 1 -3.609956e-15 -6.007958e-30 1 -3.609956e-15 -6.007958e-30 1 -3.609956e-15 -6.007958e-30 1 -3.609956e-15 -6.007958e-30 1 -3.609956e-15 -6.007958e-30 1 -3.609956e-15 -6.007958e-30 1 -3.609956e-15 -6.007958e-30 1 -3.609956e-15 -6.007958e-30 1 -3.609956e-15 -6.007958e-30 1 -3.609956e-15 -6.007958e-30 1 -3.609956e-15 -6.007958e-30 1 -3.609956e-15 -6.007958e-30 1 -3.609956e-15 -0.7071068 2.552625e-15 0.7071068 -0.7071068 2.552625e-15 0.7071068 0.7071068 2.552625e-15 0.7071068 0.8660254 1.804978e-15 0.5 0.7071068 2.552625e-15 0.7071068 0.8660254 1.804978e-15 0.5 0.5 3.126314e-15 0.8660254 0.5 3.126314e-15 0.8660254 0.258819 3.48695e-15 0.9659258 0.258819 3.48695e-15 0.9659258 -0.8660254 1.804978e-15 0.5 -0.8660254 1.804978e-15 0.5 -0.9659258 9.343255e-16 0.258819 -0.9659258 9.343255e-16 0.258819 -1 -4.007982e-29 -9.419043e-15 -1 -2.399724e-29 -4.972399e-15 -0.9659258 -9.343255e-16 -0.258819 -0.9659258 -9.343255e-16 -0.258819 -0.8660254 -1.804978e-15 -0.5 -0.8660254 -1.804978e-15 -0.5 -0.7071068 -2.552625e-15 -0.7071068 -0.7071068 -2.552625e-15 -0.7071068 -0.5 -3.126314e-15 -0.8660254 -0.5 -3.126314e-15 -0.8660254 -0.258819 -3.48695e-15 -0.9659258 -0.258819 -3.48695e-15 -0.9659258 0 -3.609956e-15 -1 0 -3.609956e-15 -1 0.258819 -3.48695e-15 -0.9659258 0.258819 -3.48695e-15 -0.9659258 0.5 -3.126314e-15 -0.8660254 0.5 -3.126314e-15 -0.8660254 0.7071068 -2.552625e-15 -0.7071068 0.7071068 -2.552625e-15 -0.7071068 0.8660254 -1.804978e-15 -0.5 0.8660254 -1.804978e-15 -0.5 0.9659258 -9.343255e-16 -0.258819 0.9659258 -9.343255e-16 -0.258819 1 -2.798622e-29 -9.419043e-15 1 -1.190364e-29 -4.972399e-15 0.9659258 9.343255e-16 0.258819 0.9659258 9.343255e-16 0.258819</float_array>
                    <technique_common>
                        <accessor count="96" source="#ID20" stride="3">
                            <param name="X" type="float" />
                            <param name="Y" type="float" />
                            <param name="Z" type="float" />
                        </accessor>
                    </technique_common>
                </source>
                <vertices id="ID18">
                    <input semantic="POSITION" source="#ID16" />
                    <input semantic="NORMAL" source="#ID17" />
                </vertices>
                <triangles count="92" material="Material2">
                    <input offset="0" semantic="VERTEX" source="#ID18" />
                    <p>0 1 2 3 2 1 4 5 6 6 5 7 5 8 7 7 8 9 8 10 9 9 10 11 10 12 11 11 12 13 12 14 13 13 14 15 14 16 15 15 16 17 16 18 17 17 18 19 18 20 19 19 20 21 20 22 21 21 22 23 22 24 23 23 24 25 24 26 25 27 25 26 28 29 0 1 0 29 30 31 32 32 31 33 31 34 33 33 34 35 34 36 35 35 36 37 36 38 37 37 38 39 38 40 39 39 40 41 40 42 41 41 42 43 42 44 43 43 44 45 44 46 45 45 46 47 46 48 47 47 48 49 48 50 49 49 50 51 50 52 51 53 51 52 2 3 54 55 54 3 56 57 58 59 58 57 56 58 60 61 60 58 60 61 62 63 62 61 62 63 28 29 28 63 54 55 64 65 64 55 66 64 67 65 67 64 68 66 69 67 69 66 70 68 71 69 71 68 70 71 72 73 72 71 74 72 75 73 75 72 76 77 75 74 75 77 78 79 76 77 76 79 80 81 78 79 78 81 82 83 80 81 80 83 84 85 82 83 82 85 86 87 84 85 84 87 87 86 88 89 88 86 90 88 91 89 91 88 92 90 93 91 93 90 92 93 94 95 94 93 94 95 57 59 57 95</p>
                </triangles>
            </mesh>
        </geometry>
        <geometry id="ID21">
            <mesh>
                <source id="ID22">
                    <float_array id="ID25" count="291">152.695 442.9134 12.20472 151.4722 442.9134 12.04374 153.9177 442.9134 12.04374 155.0572 442.9134 11.57177 150.3328 442.9134 11.57177 156.0356 442.9134 10.82098 149.3543 442.9134 10.82098 156.7864 442.9134 9.84252 148.6035 442.9134 9.84252 157.2584 442.9134 8.703082 148.1316 442.9134 8.703082 157.4194 442.9134 7.480315 147.9706 442.9134 7.480315 157.2584 442.9134 6.257548 148.1316 442.9134 6.257548 156.7864 442.9134 5.11811 148.6035 442.9134 5.11811 156.0356 442.9134 4.139653 149.3543 442.9134 4.139653 155.0572 442.9134 3.388856 150.3328 442.9134 3.388856 153.9177 442.9134 2.916886 151.4722 442.9134 2.916886 152.695 442.9134 2.755906 147.9706 442.9134 7.480315 148.1316 442.9134 8.703082 147.9706 1.136868e-13 7.480315 148.1316 1.136868e-13 8.703082 148.6035 442.9134 9.84252 148.6035 0 9.84252 149.3543 442.9134 10.82098 149.3543 0 10.82098 150.3328 442.9134 11.57177 150.3328 3.410605e-13 11.57177 151.4722 442.9134 12.04374 151.4722 2.273737e-13 12.04374 152.695 228.8922 12.20472 152.695 0 12.20472 152.695 442.9134 12.20472 153.9177 442.9134 12.04374 153.9177 2.273737e-13 12.04374 155.0572 442.9134 11.57177 155.0572 3.410605e-13 11.57177 156.0356 442.9134 10.82098 156.0356 0 10.82098 156.7864 442.9134 9.84252 156.7864 0 9.84252 157.2584 442.9134 8.703082 157.2584 1.136868e-13 8.703082 157.4194 442.9134 7.480315 157.4194 1.136868e-13 7.480315 157.2584 442.9134 6.257548 157.2584 3.410605e-13 6.257548 156.7864 442.9134 5.11811 156.7864 2.273737e-13 5.11811 156.0356 442.9134 4.139653 156.0356 2.273737e-13 4.139653 155.0572 0 3.388856 155.0572 442.9134 3.388856 153.9177 0 2.916886 153.9177 442.9134 2.916886 152.695 1.136868e-13 2.755906 152.695 442.9134 2.755906 151.4722 0 2.916886 151.4722 442.9134 2.916886 150.3328 0 3.388856 150.3328 442.9134 3.388856 149.3543 2.273737e-13 4.139653 149.3543 442.9134 4.139653 148.6035 442.9134 5.11811 148.6035 2.273737e-13 5.11811 148.1316 442.9134 6.257548 148.1316 3.410605e-13 6.257548 152.695 0 12.20472 153.9177 2.273737e-13 12.04374 151.4722 2.273737e-13 12.04374 150.3328 3.410605e-13 11.57177 155.0572 3.410605e-13 11.57177 149.3543 0 10.82098 156.0356 0 10.82098 148.6035 0 9.84252 156.7864 0 9.84252 148.1316 1.136868e-13 8.703082 157.2584 1.136868e-13 8.703082 147.9706 1.136868e-13 7.480315 157.4194 1.136868e-13 7.480315 148.1316 3.410605e-13 6.257548 157.2584 3.410605e-13 6.257548 148.6035 2.273737e-13 5.11811 156.7864 2.273737e-13 5.11811 149.3543 2.273737e-13 4.139653 156.0356 2.273737e-13 4.139653 150.3328 0 3.388856 155.0572 0 3.388856 151.4722 0 2.916886 153.9177 0 2.916886 152.695 1.136868e-13 2.755906</float_array>
                    <technique_common>
                        <accessor count="97" source="#ID25" stride="3">
                            <param name="X" type="float" />
                            <param name="Y" type="float" />
                            <param name="Z" type="float" />
                        </accessor>
                    </technique_common>
                </source>
                <source id="ID23">
                    <float_array id="ID26" count="291">-9.843654e-30 1 -4.403965e-15 -9.843654e-30 1 -4.403965e-15 -9.843654e-30 1 -4.403965e-15 -9.843654e-30 1 -4.403965e-15 -9.843654e-30 1 -4.403965e-15 -9.843654e-30 1 -4.403965e-15 -9.843654e-30 1 -4.403965e-15 -9.843654e-30 1 -4.403965e-15 -9.843654e-30 1 -4.403965e-15 -9.843654e-30 1 -4.403965e-15 -9.843654e-30 1 -4.403965e-15 -9.843654e-30 1 -4.403965e-15 -9.843654e-30 1 -4.403965e-15 -9.843654e-30 1 -4.403965e-15 -9.843654e-30 1 -4.403965e-15 -9.843654e-30 1 -4.403965e-15 -9.843654e-30 1 -4.403965e-15 -9.843654e-30 1 -4.403965e-15 -9.843654e-30 1 -4.403965e-15 -9.843654e-30 1 -4.403965e-15 -9.843654e-30 1 -4.403965e-15 -9.843654e-30 1 -4.403965e-15 -9.843654e-30 1 -4.403965e-15 -9.843654e-30 1 -4.403965e-15 -1 -2.718551e-19 -2.432733e-15 -0.9659258 2.306218e-15 0.258819 -1 -2.718551e-19 1.449838e-14 -0.9659258 2.306218e-15 0.258819 -0.8660254 4.458231e-15 0.5 -0.8660254 4.458231e-15 0.5 -0.7071068 6.307115e-15 0.7071068 -0.7071068 6.307115e-15 0.7071068 -0.5 7.724621e-15 0.8660254 -0.5 7.724621e-15 0.8660254 -0.258819 8.628077e-15 0.9659258 -0.258819 8.628077e-15 0.9659258 -3.920888e-16 8.944422e-15 1 -3.920888e-16 8.944422e-15 1 -3.920888e-16 8.944422e-15 1 0.258819 8.628089e-15 0.9659258 0.258819 8.628089e-15 0.9659258 0.5 7.724599e-15 0.8660254 0.5 7.724599e-15 0.8660254 0.7071068 6.307093e-15 0.7071068 0.7071068 6.307093e-15 0.7071068 0.8660254 4.458231e-15 0.5 0.8660254 4.458231e-15 0.5 0.9659258 2.306218e-15 0.258819 0.9659258 2.306218e-15 0.258819 1 -2.718551e-19 -2.441644e-15 1 -2.718551e-19 1.448946e-14 0.9659258 -2.304168e-15 -0.258819 0.9659258 -2.304168e-15 -0.258819 0.8660254 -4.446056e-15 -0.5 0.8660254 -4.446056e-15 -0.5 0.7071068 -6.284448e-15 -0.7071068 0.7071068 -6.284448e-15 -0.7071068 0.5 -7.696865e-15 -0.8660254 0.5 -7.696865e-15 -0.8660254 0.258819 -8.584684e-15 -0.9659258 0.258819 -8.584684e-15 -0.9659258 0 -8.887508e-15 -1 0 -8.887508e-15 -1 -0.258819 -8.58467e-15 -0.9659258 -0.258819 -8.58467e-15 -0.9659258 -0.5 -7.696829e-15 -0.8660254 -0.5 -7.696829e-15 -0.8660254 -0.7071068 -6.284426e-15 -0.7071068 -0.7071068 -6.284426e-15 -0.7071068 -0.8660254 -4.446056e-15 -0.5 -0.8660254 -4.446056e-15 -0.5 -0.9659258 -2.304168e-15 -0.258819 -0.9659258 -2.304168e-15 -0.258819 9.685719e-30 -1 4.403965e-15 9.685719e-30 -1 4.403965e-15 9.685719e-30 -1 4.403965e-15 9.685719e-30 -1 4.403965e-15 9.685719e-30 -1 4.403965e-15 9.685719e-30 -1 4.403965e-15 9.685719e-30 -1 4.403965e-15 9.685719e-30 -1 4.403965e-15 9.685719e-30 -1 4.403965e-15 9.685719e-30 -1 4.403965e-15 9.685719e-30 -1 4.403965e-15 9.685719e-30 -1 4.403965e-15 9.685719e-30 -1 4.403965e-15 9.685719e-30 -1 4.403965e-15 9.685719e-30 -1 4.403965e-15 9.685719e-30 -1 4.403965e-15 9.685719e-30 -1 4.403965e-15 9.685719e-30 -1 4.403965e-15 9.685719e-30 -1 4.403965e-15 9.685719e-30 -1 4.403965e-15 9.685719e-30 -1 4.403965e-15 9.685719e-30 -1 4.403965e-15 9.685719e-30 -1 4.403965e-15 9.685719e-30 -1 4.403965e-15</float_array>
                    <technique_common>
                        <accessor count="97" source="#ID26" stride="3">
                            <param name="X" type="float" />
                            <param name="Y" type="float" />
                            <param name="Z" type="float" />
                        </accessor>
                    </technique_common>
                </source>
                <vertices id="ID24">
                    <input semantic="POSITION" source="#ID22" />
                    <input semantic="NORMAL" source="#ID23" />
                </vertices>
                <triangles count="94" material="Material2">
                    <input offset="0" semantic="VERTEX" source="#ID24" />
                    <p>0 1 2 2 1 3 1 4 3 3 4 5 4 6 5 5 6 7 6 8 7 7 8 9 8 10 9 9 10 11 10 12 11 11 12 13 12 14 13 13 14 15 14 16 15 15 16 17 16 18 17 17 18 19 18 20 19 19 20 21 20 22 21 23 21 22 24 25 26 27 26 25 25 28 27 29 27 28 28 30 29 31 29 30 32 33 30 31 30 33 34 35 32 33 32 35 36 37 38 38 37 34 35 34 37 39 40 38 38 40 36 37 36 40 41 42 39 40 39 42 43 44 41 42 41 44 43 45 44 46 44 45 47 48 45 46 45 48 47 49 48 50 48 49 51 52 49 50 49 52 51 53 52 54 52 53 53 55 54 56 54 55 56 55 57 58 57 55 57 58 59 60 59 58 59 60 61 62 61 60 61 62 63 64 63 62 63 64 65 66 65 64 65 66 67 68 67 66 68 69 67 70 67 69 71 72 69 70 69 72 71 24 72 26 72 24 73 74 75 75 74 76 74 77 76 76 77 78 77 79 78 78 79 80 79 81 80 80 81 82 81 83 82 82 83 84 83 85 84 84 85 86 85 87 86 86 87 88 87 89 88 88 89 90 89 91 90 90 91 92 91 93 92 92 93 94 93 95 94 96 94 95</p>
                </triangles>
            </mesh>
        </geometry>
        <geometry id="ID27">
            <mesh>
                <source id="ID28">
                    <float_array id="ID31" count="291">0 234.0065 9.251969 0 234.5965 7.827672 153.1496 234.0065 9.251969 153.1496 234.5965 7.827672 153.1496 234.7977 6.299213 153.1496 234.5965 4.770754 153.1496 234.5965 7.827672 153.1496 234.0065 9.251969 153.1496 234.0065 3.346457 153.1496 233.068 10.47504 153.1496 233.068 2.123385 153.1496 231.845 11.41354 153.1496 231.845 1.184889 153.1496 230.4207 12.0035 153.1496 230.4207 0.5949262 153.1496 228.8922 12.20472 153.1496 228.8922 0.3937008 153.1496 227.3638 12.0035 153.1496 227.3638 0.5949262 153.1496 225.9395 11.41354 153.1496 225.9395 1.184889 153.1496 224.7164 10.47504 153.1496 224.7164 2.123385 153.1496 223.7779 9.251969 153.1496 223.7779 3.346457 153.1496 223.1879 7.827672 153.1496 223.1879 4.770754 153.1496 222.9867 6.299213 0 234.7977 6.299213 153.1496 234.7977 6.299213 0 234.7977 6.299213 0 234.5965 7.827672 0 234.5965 4.770754 0 234.0065 3.346457 0 234.0065 9.251969 0 233.068 2.123385 0 233.068 10.47504 0 231.845 1.184889 0 231.845 11.41354 0 230.4207 0.5949262 0 230.4207 12.0035 0 228.8922 0.3937008 0 228.8922 12.20472 0 227.3638 0.5949262 0 227.3638 12.0035 0 225.9395 1.184889 0 225.9395 11.41354 0 224.7164 2.123385 0 224.7164 10.47504 0 223.7779 3.346457 0 223.7779 9.251969 0 223.1879 4.770754 0 223.1879 7.827672 0 222.9867 6.299213 0 233.068 10.47504 153.1496 233.068 10.47504 153.1496 225.9395 1.184889 153.1496 227.3638 0.5949262 0 225.9395 1.184889 0 227.3638 0.5949262 153.1496 228.8922 0.3937008 0 228.8922 0.3937008 153.1496 230.4207 0.5949262 0 230.4207 0.5949262 153.1496 231.845 1.184889 0 231.845 1.184889 153.1496 233.068 2.123385 0 233.068 2.123385 0 234.0065 3.346457 153.1496 234.0065 3.346457 0 234.5965 4.770754 153.1496 234.5965 4.770754 153.1496 231.845 11.41354 0 231.845 11.41354 153.1496 230.4207 12.0035 0 230.4207 12.0035 153.1496 228.8922 12.20472 152.695 228.8922 12.20472 0 228.8922 12.20472 153.1496 227.3638 12.0035 0 227.3638 12.0035 153.1496 225.9395 11.41354 0 225.9395 11.41354 153.1496 224.7164 10.47504 0 224.7164 10.47504 0 223.7779 9.251969 153.1496 223.7779 9.251969 0 223.1879 7.827672 153.1496 223.1879 7.827672 0 222.9867 6.299213 153.1496 222.9867 6.299213 0 223.1879 4.770754 153.1496 223.1879 4.770754 0 223.7779 3.346457 153.1496 223.7779 3.346457 0 224.7164 2.123385 153.1496 224.7164 2.123385</float_array>
                    <technique_common>
                        <accessor count="97" source="#ID31" stride="3">
                            <param name="X" type="float" />
                            <param name="Y" type="float" />
                            <param name="Z" type="float" />
                        </accessor>
                    </technique_common>
                </source>
                <source id="ID29">
                    <float_array id="ID32" count="291">9.466374e-18 0.8660254 0.5 8.948536e-18 0.9659258 0.258819 9.466374e-18 0.8660254 0.5 8.948536e-18 0.9659258 0.258819 1 -4.934686e-32 2.076049e-16 1 -4.934686e-32 2.076049e-16 1 -4.934686e-32 2.076049e-16 1 -4.934686e-32 2.076049e-16 1 -4.934686e-32 2.076049e-16 1 -4.934686e-32 2.076049e-16 1 -4.934686e-32 2.076049e-16 1 -4.934686e-32 2.076049e-16 1 -4.934686e-32 2.076049e-16 1 -4.934686e-32 2.076049e-16 1 -4.934686e-32 2.076049e-16 1 -4.934686e-32 2.076049e-16 1 -4.934686e-32 2.076049e-16 1 -4.934686e-32 2.076049e-16 1 -4.934686e-32 2.076049e-16 1 -4.934686e-32 2.076049e-16 1 -4.934686e-32 2.076049e-16 1 -4.934686e-32 2.076049e-16 1 -4.934686e-32 2.076049e-16 1 -4.934686e-32 2.076049e-16 1 -4.934686e-32 2.076049e-16 1 -4.934686e-32 2.076049e-16 1 -4.934686e-32 2.076049e-16 1 -4.934686e-32 2.076049e-16 -1.185572e-18 1 -2.504022e-15 -1.185572e-18 1 -2.504022e-15 -1 0 0 -1 0 0 -1 0 0 -1 0 0 -1 0 0 -1 0 0 -1 0 0 -1 0 0 -1 0 0 -1 0 0 -1 0 0 -1 0 0 -1 0 0 -1 0 0 -1 0 0 -1 0 0 -1 0 0 -1 0 0 -1 0 0 -1 0 0 -1 0 0 -1 0 0 -1 0 0 -1 0 0 8.483375e-18 0.7071068 0.7071068 8.483375e-18 0.7071068 0.7071068 -7.83803e-17 -0.5 -0.8660254 -8.764897e-17 -0.258819 -0.9659258 -7.83803e-17 -0.5 -0.8660254 -8.764897e-17 -0.258819 -0.9659258 -9.068908e-17 2.379266e-15 -1 -9.068908e-17 2.379266e-15 -1 -8.773181e-17 0.258819 -0.9659258 -8.773181e-17 0.258819 -0.9659258 -7.844287e-17 0.5 -0.8660254 -7.844287e-17 0.5 -0.8660254 -6.254538e-17 0.7071068 -0.7071068 -6.254538e-17 0.7071068 -0.7071068 -4.26874e-17 0.8660254 -0.5 -4.26874e-17 0.8660254 -0.5 -2.055875e-17 0.9659258 -0.258819 -2.055875e-17 0.9659258 -0.258819 1.038997e-17 0.5 0.8660254 1.038997e-17 0.5 0.8660254 -8.993474e-16 0.258819 0.9659258 -8.993474e-16 0.258819 0.9659258 -1.809828e-15 2.406e-15 1 -1.809828e-15 2.406e-15 1 -1.809828e-15 2.406e-15 1 -8.992384e-16 -0.258819 0.9659258 -8.992384e-16 -0.258819 0.9659258 1.045255e-17 -0.5 0.8660254 1.045255e-17 -0.5 0.8660254 8.483375e-18 -0.7071068 0.7071068 8.483375e-18 -0.7071068 0.7071068 9.466374e-18 -0.8660254 0.5 9.466374e-18 -0.8660254 0.5 8.927192e-18 -0.9659258 0.258819 8.927192e-18 -0.9659258 0.258819 -1.206916e-18 -1 -2.352533e-15 -1.206916e-18 -1 -2.352533e-15 -2.055875e-17 -0.9659258 -0.258819 -2.055875e-17 -0.9659258 -0.258819 -4.26874e-17 -0.8660254 -0.5 -4.26874e-17 -0.8660254 -0.5 -6.254538e-17 -0.7071068 -0.7071068 -6.254538e-17 -0.7071068 -0.7071068</float_array>
                    <technique_common>
                        <accessor count="97" source="#ID32" stride="3">
                            <param name="X" type="float" />
                            <param name="Y" type="float" />
                            <param name="Z" type="float" />
                        </accessor>
                    </technique_common>
                </source>
                <vertices id="ID30">
                    <input semantic="POSITION" source="#ID28" />
                    <input semantic="NORMAL" source="#ID29" />
                </vertices>
                <triangles count="94" material="Material2">
                    <input offset="0" semantic="VERTEX" source="#ID30" />
                    <p>0 1 2 3 2 1 4 5 6 6 5 7 5 8 7 7 8 9 8 10 9 9 10 11 10 12 11 11 12 13 12 14 13 13 14 15 14 16 15 15 16 17 16 18 17 17 18 19 18 20 19 19 20 21 20 22 21 21 22 23 22 24 23 23 24 25 24 26 25 27 25 26 1 28 3 29 3 28 30 31 32 32 31 33 31 34 33 33 34 35 34 36 35 35 36 37 36 38 37 37 38 39 38 40 39 39 40 41 40 42 41 41 42 43 42 44 43 43 44 45 44 46 45 45 46 47 46 48 47 47 48 49 48 50 49 49 50 51 50 52 51 53 51 52 54 0 55 2 55 0 56 57 58 59 58 57 57 60 59 61 59 60 60 62 61 63 61 62 62 64 63 65 63 64 64 66 65 67 65 66 68 67 69 66 69 67 70 68 71 69 71 68 28 70 29 71 29 70 55 72 54 73 54 72 72 74 73 75 73 74 76 77 74 74 77 75 78 75 77 76 79 77 77 79 78 80 78 79 79 81 80 82 80 81 81 83 82 84 82 83 84 83 85 86 85 83 85 86 87 88 87 86 87 88 89 90 89 88 89 90 91 92 91 90 91 92 93 94 93 92 93 94 95 96 95 94 96 56 95 58 95 56</p>
                </triangles>
            </mesh>
        </geometry>
        <geometry id="ID34">
            <mesh>
                <source id="ID35">
                    <float_array id="ID38" count="888">18.10843 584.4409 18.4025 18.42722 587.322 11.07453 19.05942 584.4409 18.4025 18.74062 587.322 11.07453 18.42722 587.322 11.07453 18.10843 584.4409 18.4025 18.36404 586.751 9.190667 18.07106 584.1031 7.485111 17.53129 579.2249 28.55873 17.42192 578.2365 6.808783 16.80001 572.6159 36.37544 16.32579 568.3301 39.17323 15.85912 564.1125 40.15637 15.55282 561.3444 5.689405 14.7815 554.3735 41.58014 11.82834 527.684 43.67574 9.023712 502.337 3.31521 5.258185 468.3057 46.57106 4.83243 464.4579 2.297051 4.83243 464.4579 46.67856 17.53129 579.2249 28.55873 18.10843 584.4409 18.4025 19.63656 579.2249 28.55873 19.05942 584.4409 18.4025 18.74062 587.322 11.07453 18.80381 586.751 9.190667 19.05942 584.4409 18.4025 19.09679 584.1031 7.485111 19.63656 579.2249 28.55873 19.74593 578.2365 6.808783 20.36784 572.6159 36.37544 20.84205 568.3301 39.17323 21.30873 564.1125 40.15637 21.61502 561.3444 5.689405 22.38634 554.3735 41.58014 25.33951 527.684 43.67574 28.14413 502.337 3.31521 31.90966 468.3057 46.57106 32.33542 464.4579 46.67856 32.33542 464.4579 2.297051 18.42722 587.322 11.07453 18.36404 586.751 9.190667 18.74062 587.322 11.07453 18.80381 586.751 9.190667 4.83243 464.4579 2.297051 4.83243 464.4579 46.67856 3.269791 409.4572 0.8186736 3.232114 408.131 47.15368 1.769785 356.6609 0.08178146 1.239086 337.9817 0.08178146 0 294.3691 0.3600002 0 294.3691 48.11328 5.116233 464.1482 46.68721 4.83243 464.4579 46.67856 5.258185 468.3057 46.57106 25.33951 527.684 43.67574 31.90966 468.3057 46.57106 11.82834 527.684 43.67574 5.258185 468.3057 46.57106 22.38634 554.3735 41.58014 25.33951 527.684 43.67574 18.58392 554.3735 41.58014 14.7815 554.3735 41.58014 11.82834 527.684 43.67574 22.38634 554.3735 41.58014 18.58392 554.3735 41.58014 21.30873 564.1125 40.15637 15.85912 564.1125 40.15637 14.7815 554.3735 41.58014 20.84205 568.3301 39.17323 21.30873 564.1125 40.15637 16.32579 568.3301 39.17323 15.85912 564.1125 40.15637 20.36784 572.6159 36.37544 20.84205 568.3301 39.17323 16.80001 572.6159 36.37544 16.32579 568.3301 39.17323 16.80001 572.6159 36.37544 17.53129 579.2249 28.55873 20.36784 572.6159 36.37544 19.63656 579.2249 28.55873 18.80381 586.751 9.190667 18.36404 586.751 9.190667 19.09679 584.1031 7.485111 18.07106 584.1031 7.485111 19.09679 584.1031 7.485111 18.07106 584.1031 7.485111 19.74593 578.2365 6.808783 17.42192 578.2365 6.808783 19.74593 578.2365 6.808783 17.42192 578.2365 6.808783 21.61502 561.3444 5.689405 15.55282 561.3444 5.689405 21.61502 561.3444 5.689405 15.55282 561.3444 5.689405 28.14413 502.337 3.31521 9.023712 502.337 3.31521 32.33542 464.4579 2.297051 28.14413 502.337 3.31521 33.89806 409.4572 0.8186736 9.023712 502.337 3.31521 4.83243 464.4579 2.297051 3.269791 409.4572 0.8186736 32.33542 464.4579 2.297051 33.89806 409.4572 0.8186736 32.33542 464.4579 46.67856 33.93573 408.131 47.15368 35.39806 356.6609 0.08178146 35.92876 337.9817 0.08178146 37.16785 294.3691 48.11328 37.16785 294.3691 0.3600002 32.05161 464.1482 46.68721 31.90966 468.3057 46.57106 32.33542 464.4579 46.67856 33.89806 409.4572 0.8186736 3.269791 409.4572 0.8186736 35.39806 356.6609 0.08178146 35.56454 350.8014 0 1.769785 356.6609 0.08178146 1.603312 350.8014 3.315404e-14 1.239086 337.9817 0.08178146 1.603312 350.8014 3.315404e-14 1.769785 356.6609 0.08178146 37.16785 294.3691 0.3600002 35.92876 337.9817 0.08178146 36.87808 276.3935 0.4746722 35.56454 350.8014 0 1.603312 350.8014 3.315404e-14 1.239086 337.9817 0.08178146 0.2897706 276.3935 0.4746722 0 294.3691 0.3600002 0 294.3691 0.3600002 0 294.3691 0.08178146 1.239086 337.9817 0.08178146 0 294.3691 0.3600002 0 294.3691 48.11328 0.2897706 276.3935 0.4746722 1.088112 226.8693 48.11328 1.63523 192.9296 0.7950621 2.263296 153.9682 1.591134 2.263296 153.9682 46.82027 0 294.3691 48.11328 3.232114 408.131 47.15368 3.373283 413.0998 48.11328 3.373283 413.0998 48.11328 3.232114 408.131 47.15368 4.83243 464.4579 46.67856 3.373283 413.0998 48.11328 4.83243 464.4579 46.67856 5.116233 464.1482 46.68721 31.90966 468.3057 46.57106 32.05161 464.1482 46.68721 5.258185 468.3057 46.57106 33.79456 413.0998 48.11328 5.116233 464.1482 46.68721 3.373283 413.0998 48.11328 33.93573 408.131 47.15368 33.79456 413.0998 48.11328 32.33542 464.4579 46.67856 33.93573 408.131 47.15368 37.16785 294.3691 48.11328 33.79456 413.0998 48.11328 37.16785 294.3691 0.3600002 36.87808 276.3935 0.4746722 37.16785 294.3691 48.11328 36.07973 226.8693 48.11328 35.53262 192.9296 0.7950621 34.90455 153.9682 46.82027 34.90455 153.9682 1.591134 37.16785 294.3691 0.08178146 37.16785 294.3691 0.3600002 35.92876 337.9817 0.08178146 35.56454 350.8014 0 35.92876 337.9817 0.08178146 35.39806 356.6609 0.08178146 32.05161 464.1482 46.68721 32.33542 464.4579 46.67856 33.79456 413.0998 48.11328 35.53262 192.9296 0.7950621 36.87808 276.3935 0.4746722 1.63523 192.9296 0.7950621 0.2897706 276.3935 0.4746722 2.263296 153.9682 1.591134 2.263296 153.9682 46.82027 2.87508 132.3123 2.033616 3.447534 112.0486 46.07676 3.986542 92.96875 3.478791 5.01996 56.38782 5.03879 5.338295 45.11942 46.07676 5.640746 34.41327 35.74706 5.70473 32.14836 32.52677 6.202682 14.52184 26.89636 6.515621 3.44445 24.1311 6.520286 3.279315 9.077104 6.612927 2.273737e-13 19.96073 6.612927 2.273737e-13 22.36896 5.640746 34.41327 38.50296 5.693426 32.54849 41.0412 5.827668 27.79659 44.50196 5.827668 27.79659 46.07676 34.90455 153.9682 46.82027 33.72031 112.0486 46.07676 36.07973 226.8693 48.11328 3.447534 112.0486 46.07676 2.263296 153.9682 46.82027 1.088112 226.8693 48.11328 37.16785 294.3691 48.11328 36.07973 226.8693 48.11328 33.79456 413.0998 48.11328 3.373283 413.0998 48.11328 1.088112 226.8693 48.11328 0 294.3691 48.11328 34.90455 153.9682 1.591134 35.53262 192.9296 0.7950621 34.29277 132.3123 2.033616 2.87508 132.3123 2.033616 2.263296 153.9682 1.591134 1.63523 192.9296 0.7950621 31.5271 34.41327 38.50296 31.47442 32.54849 41.0412 31.82955 45.11942 46.07676 31.34018 27.79659 46.07676 31.34018 27.79659 44.50196 34.90455 153.9682 1.591134 34.29277 132.3123 2.033616 34.90455 153.9682 46.82027 33.72031 112.0486 46.07676 33.1813 92.96875 3.478791 32.14789 56.38782 5.03879 31.5271 34.41327 35.74706 31.46312 32.14836 32.52677 30.96516 14.52184 26.89636 30.65223 3.44445 24.1311 30.64756 3.279315 9.077104 30.55492 0 22.36896 30.55492 0 19.96073 33.1813 92.96875 3.478791 34.29277 132.3123 2.033616 3.986542 92.96875 3.478791 2.87508 132.3123 2.033616 32.14789 56.38782 5.03879 33.1813 92.96875 3.478791 5.01996 56.38782 5.03879 3.986542 92.96875 3.478791 30.64756 3.279315 9.077104 32.14789 56.38782 5.03879 6.520286 3.279315 9.077104 5.01996 56.38782 5.03879 6.612927 2.273737e-13 19.96073 30.55492 0 19.96073 6.520286 3.279315 9.077104 30.64756 3.279315 9.077104 6.612927 2.273737e-13 22.36896 30.55492 0 22.36896 6.612927 2.273737e-13 19.96073 30.55492 0 19.96073 30.55492 0 22.36896 6.612927 2.273737e-13 22.36896 30.65223 3.44445 24.1311 6.515621 3.44445 24.1311 30.65223 3.44445 24.1311 6.515621 3.44445 24.1311 30.96516 14.52184 26.89636 6.202682 14.52184 26.89636 30.96516 14.52184 26.89636 6.202682 14.52184 26.89636 31.46312 32.14836 32.52677 5.70473 32.14836 32.52677 5.640746 34.41327 35.74706 31.5271 34.41327 35.74706 5.70473 32.14836 32.52677 31.46312 32.14836 32.52677 5.640746 34.41327 38.50296 31.5271 34.41327 38.50296 5.640746 34.41327 35.74706 31.5271 34.41327 35.74706 5.693426 32.54849 41.0412 31.47442 32.54849 41.0412 5.640746 34.41327 38.50296 31.5271 34.41327 38.50296 31.34018 27.79659 44.50196 31.47442 32.54849 41.0412 5.827668 27.79659 44.50196 5.693426 32.54849 41.0412 5.827668 27.79659 46.07676 31.34018 27.79659 46.07676 5.827668 27.79659 44.50196 31.34018 27.79659 44.50196 31.34018 27.79659 46.07676 5.827668 27.79659 46.07676 31.82955 45.11942 46.07676 5.338295 45.11942 46.07676 31.82955 45.11942 46.07676 5.338295 45.11942 46.07676 33.72031 112.0486 46.07676 3.447534 112.0486 46.07676</float_array>
                    <technique_common>
                        <accessor count="296" source="#ID38" stride="3">
                            <param name="X" type="float" />
                            <param name="Y" type="float" />
                            <param name="Z" type="float" />
                        </accessor>
                    </technique_common>
                </source>
                <source id="ID36">
                    <float_array id="ID39" count="888">3.393276e-13 0.9306529 0.3659032 3.393276e-13 0.9306529 0.3659032 3.393276e-13 0.9306529 0.3659032 3.393276e-13 0.9306529 0.3659032 -0.993934 0.1099779 1.429965e-15 -0.993934 0.1099779 1.429965e-15 -0.993934 0.1099779 1.429965e-15 -0.993934 0.1099779 1.429965e-15 -0.993934 0.1099779 1.429965e-15 -0.993934 0.1099779 1.429965e-15 -0.993934 0.1099779 1.429965e-15 -0.993934 0.1099779 1.429965e-15 -0.993934 0.1099779 1.429965e-15 -0.993934 0.1099779 1.429965e-15 -0.993934 0.1099779 1.429965e-15 -0.993934 0.1099779 1.429965e-15 -0.993934 0.1099779 1.429965e-15 -0.993934 0.1099779 1.429965e-15 -0.993934 0.1099779 1.429965e-15 -0.993934 0.1099779 1.429965e-15 1.631956e-13 0.8895456 0.4568463 1.631956e-13 0.8895456 0.4568463 1.631956e-13 0.8895456 0.4568463 1.631956e-13 0.8895456 0.4568463 0.993934 0.1099779 1.6037e-16 0.993934 0.1099779 1.6037e-16 0.993934 0.1099779 1.6037e-16 0.993934 0.1099779 1.6037e-16 0.993934 0.1099779 1.6037e-16 0.993934 0.1099779 1.6037e-16 0.993934 0.1099779 1.6037e-16 0.993934 0.1099779 1.6037e-16 0.993934 0.1099779 1.6037e-16 0.993934 0.1099779 1.6037e-16 0.993934 0.1099779 1.6037e-16 0.993934 0.1099779 1.6037e-16 0.993934 0.1099779 1.6037e-16 0.993934 0.1099779 1.6037e-16 0.993934 0.1099779 1.6037e-16 0.993934 0.1099779 1.6037e-16 7.791272e-13 0.9570002 -0.2900871 7.791272e-13 0.9570002 -0.2900871 7.791272e-13 0.9570002 -0.2900871 7.791272e-13 0.9570002 -0.2900871 -0.9995966 0.02839975 -1.548158e-15 -0.9995966 0.02839975 -1.548158e-15 -0.9995966 0.02839975 -1.548158e-15 -0.9995966 0.02839975 -1.548158e-15 -0.9995966 0.02839975 -1.548158e-15 -0.9995966 0.02839975 -1.548158e-15 -0.9995966 0.02839975 -1.548158e-15 -0.9995966 0.02839975 -1.548158e-15 -5.995581e-14 0.02792475 0.99961 -5.995581e-14 0.02792475 0.99961 -5.995581e-14 0.02792475 0.99961 1.886807e-15 0.04870279 0.9988133 1.886807e-15 0.04870279 0.9988133 1.886807e-15 0.04870279 0.9988133 1.886807e-15 0.04870279 0.9988133 2.690857e-15 0.07827694 0.9969317 2.690857e-15 0.07827694 0.9969317 2.690857e-15 0.07827694 0.9969317 2.690857e-15 0.07827694 0.9969317 2.690857e-15 0.07827694 0.9969317 6.979759e-15 0.144655 0.9894821 6.979759e-15 0.144655 0.9894821 6.979759e-15 0.144655 0.9894821 6.979759e-15 0.144655 0.9894821 6.979759e-15 0.144655 0.9894821 1.44539e-14 0.2270166 0.9738909 1.44539e-14 0.2270166 0.9738909 1.44539e-14 0.2270166 0.9738909 1.44539e-14 0.2270166 0.9738909 3.847398e-14 0.5466443 0.8373649 3.847398e-14 0.5466443 0.8373649 3.847398e-14 0.5466443 0.8373649 3.847398e-14 0.5466443 0.8373649 8.728698e-14 0.7636323 0.6456514 8.728698e-14 0.7636323 0.6456514 8.728698e-14 0.7636323 0.6456514 8.728698e-14 0.7636323 0.6456514 8.098078e-14 0.5415138 -0.8406919 8.098078e-14 0.5415138 -0.8406919 8.098078e-14 0.5415138 -0.8406919 8.098078e-14 0.5415138 -0.8406919 -2.635961e-14 0.114525 -0.9934204 -2.635961e-14 0.114525 -0.9934204 -2.635961e-14 0.114525 -0.9934204 -2.635961e-14 0.114525 -0.9934204 -1.333375e-14 0.0661214 -0.9978116 -1.333375e-14 0.0661214 -0.9978116 -1.333375e-14 0.0661214 -0.9978116 -1.333375e-14 0.0661214 -0.9978116 -8.14443e-16 0.04020303 -0.9991915 -8.14443e-16 0.04020303 -0.9991915 -8.14443e-16 0.04020303 -0.9991915 -8.14443e-16 0.04020303 -0.9991915 -1.825056e-16 0.0268695 -0.9996389 -1.825056e-16 0.0268695 -0.9996389 -1.825056e-16 0.0268695 -0.9996389 -1.825056e-16 0.0268695 -0.9996389 -1.825056e-16 0.0268695 -0.9996389 -1.825056e-16 0.0268695 -0.9996389 0.9995966 0.02839975 1.944543e-15 0.9995966 0.02839975 1.944543e-15 0.9995966 0.02839975 1.944543e-15 0.9995966 0.02839975 1.944543e-15 0.9995966 0.02839975 1.944543e-15 0.9995966 0.02839975 1.944543e-15 0.9995966 0.02839975 1.944543e-15 0.9995966 0.02839975 1.944543e-15 3.761824e-14 0.02792475 0.99961 3.761824e-14 0.02792475 0.99961 3.761824e-14 0.02792475 0.99961 -5.765079e-16 0.01395591 -0.9999026 -5.765079e-16 0.01395591 -0.9999026 -5.765079e-16 0.01395591 -0.9999026 -5.765079e-16 0.01395591 -0.9999026 -5.765079e-16 0.01395591 -0.9999026 -5.765079e-16 0.01395591 -0.9999026 -0.9995966 0.02839975 -1.65475e-11 -0.9995966 0.02839975 -1.65475e-11 -0.9995966 0.02839975 -1.65475e-11 -1.050138e-15 -0.006379192 -0.9999797 -1.050138e-15 -0.006379192 -0.9999797 -1.050138e-15 -0.006379192 -0.9999797 -1.050138e-15 -0.006379192 -0.9999797 -1.050138e-15 -0.006379192 -0.9999797 -1.050138e-15 -0.006379192 -0.9999797 -1.050138e-15 -0.006379192 -0.9999797 -1.050138e-15 -0.006379192 -0.9999797 -0.9995966 0.02839975 0 -0.9995966 0.02839975 0 -0.9995966 0.02839975 0 -0.9998701 -0.01611815 -1.093623e-14 -0.9998701 -0.01611815 -1.093623e-14 -0.9998701 -0.01611815 -1.093623e-14 -0.9998701 -0.01611815 -1.093623e-14 -0.9998701 -0.01611815 -1.093623e-14 -0.9998701 -0.01611815 -1.093623e-14 -0.9998701 -0.01611815 -1.093623e-14 -0.9995966 0.02839975 3.895399e-13 -0.9995966 0.02839975 3.895399e-13 -0.9995966 0.02839975 3.895399e-13 -0.9995966 0.02839975 4.634474e-13 -0.9995966 0.02839975 4.634474e-13 -0.9995966 0.02839975 4.634474e-13 -6.038707e-14 0.02792475 0.99961 -6.038707e-14 0.02792475 0.99961 -6.038707e-14 0.02792475 0.99961 1.235164e-15 0.02792475 0.99961 1.235164e-15 0.02792475 0.99961 1.235164e-15 0.02792475 0.99961 1.235164e-15 0.02792475 0.99961 1.235164e-15 0.02792475 0.99961 1.235164e-15 0.02792475 0.99961 0.9995966 0.02839975 3.278199e-14 0.9995966 0.02839975 3.278199e-14 0.9995966 0.02839975 3.278199e-14 0.9995966 0.02839975 3.361725e-14 0.9995966 0.02839975 3.361725e-14 0.9995966 0.02839975 3.361725e-14 0.9998701 -0.01611815 4.173629e-16 0.9998701 -0.01611815 4.173629e-16 0.9998701 -0.01611815 4.173629e-16 0.9998701 -0.01611815 4.173629e-16 0.9998701 -0.01611815 4.173629e-16 0.9998701 -0.01611815 4.173629e-16 0.9998701 -0.01611815 4.173629e-16 0.9995966 0.02839975 -5.788951e-16 0.9995966 0.02839975 -5.788951e-16 0.9995966 0.02839975 -5.788951e-16 0.9995966 0.02839975 1.300288e-12 0.9995966 0.02839975 1.300288e-12 0.9995966 0.02839975 1.300288e-12 3.623224e-14 0.02792475 0.99961 3.623224e-14 0.02792475 0.99961 3.623224e-14 0.02792475 0.99961 -8.569508e-16 -0.003838634 -0.9999926 -8.569508e-16 -0.003838634 -0.9999926 -8.569508e-16 -0.003838634 -0.9999926 -8.569508e-16 -0.003838634 -0.9999926 -0.9996012 -0.02823892 -1.646241e-14 -0.9996012 -0.02823892 -1.646241e-14 -0.9996012 -0.02823892 -1.646241e-14 -0.9996012 -0.02823892 -1.646241e-14 -0.9996012 -0.02823892 -1.646241e-14 -0.9996012 -0.02823892 -1.646241e-14 -0.9996012 -0.02823892 -1.646241e-14 -0.9996012 -0.02823892 -1.646241e-14 -0.9996012 -0.02823892 -1.646241e-14 -0.9996012 -0.02823892 -1.646241e-14 -0.9996012 -0.02823892 -1.646241e-14 -0.9996012 -0.02823892 -1.646241e-14 -0.9996012 -0.02823892 -1.646241e-14 -0.9996012 -0.02823892 -1.646241e-14 -0.9996012 -0.02823892 -1.646241e-14 -0.9996012 -0.02823892 -1.646241e-14 -0.9996012 -0.02823892 -1.646241e-14 -0.9996012 -0.02823892 -1.646241e-14 1.404977e-16 -0.01773368 0.9998427 1.404977e-16 -0.01773368 0.9998427 1.404977e-16 -0.01773368 0.9998427 1.404977e-16 -0.01773368 0.9998427 1.404977e-16 -0.01773368 0.9998427 1.404977e-16 -0.01773368 0.9998427 1.359973e-16 -9.080652e-17 1 1.359973e-16 -9.080652e-17 1 1.359973e-16 -9.080652e-17 1 1.359973e-16 -9.080652e-17 1 1.359973e-16 -9.080652e-17 1 1.359973e-16 -9.080652e-17 1 -8.677355e-16 -0.0204281 -0.9997913 -8.677355e-16 -0.0204281 -0.9997913 -8.677355e-16 -0.0204281 -0.9997913 -8.677355e-16 -0.0204281 -0.9997913 -8.677355e-16 -0.0204281 -0.9997913 -8.677355e-16 -0.0204281 -0.9997913 0.9996012 -0.02823892 -1.042585e-17 0.9996012 -0.02823892 -1.042585e-17 0.9996012 -0.02823892 -1.042585e-17 0.9996012 -0.02823892 -1.042585e-17 0.9996012 -0.02823892 -1.042585e-17 0.9996012 -0.02823892 -1.042585e-17 0.9996012 -0.02823892 -1.042585e-17 0.9996012 -0.02823892 -1.042585e-17 0.9996012 -0.02823892 -1.042585e-17 0.9996012 -0.02823892 -1.042585e-17 0.9996012 -0.02823892 -1.042585e-17 0.9996012 -0.02823892 -1.042585e-17 0.9996012 -0.02823892 -1.042585e-17 0.9996012 -0.02823892 -1.042585e-17 0.9996012 -0.02823892 -1.042585e-17 0.9996012 -0.02823892 -1.042585e-17 0.9996012 -0.02823892 -1.042585e-17 0.9996012 -0.02823892 -1.042585e-17 -9.346929e-16 -0.03670743 -0.9993261 -9.346929e-16 -0.03670743 -0.9993261 -9.346929e-16 -0.03670743 -0.9993261 -9.346929e-16 -0.03670743 -0.9993261 -1.979952e-15 -0.04260645 -0.9990919 -1.979952e-15 -0.04260645 -0.9990919 -1.979952e-15 -0.04260645 -0.9990919 -1.979952e-15 -0.04260645 -0.9990919 -3.086039e-15 -0.07582004 -0.9971215 -3.086039e-15 -0.07582004 -0.9971215 -3.086039e-15 -0.07582004 -0.9971215 -3.086039e-15 -0.07582004 -0.9971215 -9.902399e-16 -0.9574811 -0.2884959 -9.902399e-16 -0.9574811 -0.2884959 -9.902399e-16 -0.9574811 -0.2884959 -9.902399e-16 -0.9574811 -0.2884959 -9.496857e-15 -1 1.484953e-27 -9.496857e-15 -1 1.484953e-27 -9.496857e-15 -1 1.484953e-27 -9.496857e-15 -1 1.484953e-27 1.49255e-16 -0.4554491 0.8902618 1.49255e-16 -0.4554491 0.8902618 1.49255e-16 -0.4554491 0.8902618 1.49255e-16 -0.4554491 0.8902618 1.470011e-15 -0.242198 0.9702268 1.470011e-15 -0.242198 0.9702268 1.470011e-15 -0.242198 0.9702268 1.470011e-15 -0.242198 0.9702268 2.701831e-16 -0.3042822 0.9525819 2.701831e-16 -0.3042822 0.9525819 2.701831e-16 -0.3042822 0.9525819 2.701831e-16 -0.3042822 0.9525819 1.683984e-18 -0.8179518 0.5752868 1.683984e-18 -0.8179518 0.5752868 1.683984e-18 -0.8179518 0.5752868 1.683984e-18 -0.8179518 0.5752868 0 -1 0 0 -1 0 0 -1 0 0 -1 0 1.513914e-18 -0.8058899 -0.5920655 1.513914e-18 -0.8058899 -0.5920655 1.513914e-18 -0.8058899 -0.5920655 1.513914e-18 -0.8058899 -0.5920655 -1.128619e-16 -0.5887088 -0.8083452 -1.128619e-16 -0.5887088 -0.8083452 -1.128619e-16 -0.5887088 -0.8083452 -1.128619e-16 -0.5887088 -0.8083452 0 -1 0 0 -1 0 0 -1 0 0 -1 0 7.643934e-29 -6.684789e-43 1 7.643934e-29 -6.684789e-43 1 7.643934e-29 -6.684789e-43 1 7.643934e-29 -6.684789e-43 1 1.329238e-16 -1.061634e-16 1 1.329238e-16 -1.061634e-16 1 1.329238e-16 -1.061634e-16 1 1.329238e-16 -1.061634e-16 1</float_array>
                    <technique_common>
                        <accessor count="296" source="#ID39" stride="3">
                            <param name="X" type="float" />
                            <param name="Y" type="float" />
                            <param name="Z" type="float" />
                        </accessor>
                    </technique_common>
                </source>
                <vertices id="ID37">
                    <input semantic="POSITION" source="#ID35" />
                    <input semantic="NORMAL" source="#ID36" />
                </vertices>
                <triangles count="184" material="Material2">
                    <input offset="0" semantic="VERTEX" source="#ID37" />
                    <p>0 1 2 3 2 1 4 5 6 6 5 7 5 8 7 7 8 9 8 10 9 10 11 9 11 12 9 9 12 13 12 14 13 14 15 13 13 15 16 15 17 16 16 17 18 19 18 17 20 21 22 23 22 21 24 25 26 25 27 26 26 27 28 27 29 28 28 29 30 30 29 31 31 29 32 29 33 32 32 33 34 34 33 35 33 36 35 35 36 37 37 36 38 39 38 36 40 41 42 43 42 41 44 45 46 45 47 46 46 47 48 48 47 49 49 47 50 51 50 47 52 53 54 55 56 57 58 57 56 59 60 61 61 60 62 63 62 60 64 65 66 66 65 67 68 67 65 69 70 71 72 71 70 73 74 75 76 75 74 77 78 79 80 79 78 81 82 83 84 83 82 85 86 87 88 87 86 89 90 91 92 91 90 93 94 95 96 95 94 97 98 99 98 100 99 100 101 99 102 99 101 103 104 105 105 104 106 104 107 106 107 108 106 106 108 109 110 109 108 111 112 113 114 115 116 116 115 117 115 118 117 119 117 118 120 121 122 123 124 125 124 126 125 126 127 125 127 128 125 125 128 129 130 129 128 131 132 133 134 135 136 135 137 136 136 137 138 138 137 139 140 139 137 141 142 143 144 145 146 147 148 149 150 151 152 151 153 152 152 153 154 155 154 153 156 157 158 159 160 161 162 163 164 164 163 165 163 166 165 165 166 167 168 167 166 169 170 171 172 173 174 175 176 177 178 179 180 181 180 179 182 183 184 183 185 184 184 185 186 186 185 187 185 188 187 188 189 187 189 190 187 190 191 187 191 192 187 187 192 193 193 192 194 195 194 192 189 188 196 196 188 197 197 188 198 199 198 188 200 201 202 201 203 202 203 204 202 205 202 204 206 207 208 208 207 209 207 210 209 211 209 210 212 213 214 214 213 215 215 213 216 217 216 213 218 219 220 220 219 221 222 221 219 223 224 225 225 224 226 224 227 226 227 228 226 226 228 220 220 228 218 218 228 229 229 228 230 230 228 231 231 228 232 228 233 232 232 233 234 235 234 233 236 237 238 239 238 237 240 241 242 243 242 241 244 245 246 247 246 245 248 249 250 251 250 249 252 253 254 255 254 253 256 257 258 259 258 257 260 261 262 263 262 261 264 265 266 267 266 265 268 269 270 271 270 269 272 273 274 275 274 273 276 277 278 279 278 277 280 281 282 283 282 281 284 285 286 287 286 285 288 289 290 291 290 289 292 293 294 295 294 293</p>
                </triangles>
            </mesh>
        </geometry>
        <geometry id="ID40">
            <mesh>
                <source id="ID43">
                    <float_array id="ID45" count="9">18.58392 554.6103 41.56632 18.58392 554.3037 41.59034 18.58392 554.3735 41.58014</float_array>
                    <technique_common>
                        <accessor count="3" source="#ID45" stride="3">
                            <param name="X" type="float" />
                            <param name="Y" type="float" />
                            <param name="Z" type="float" />
                        </accessor>
                    </technique_common>
                </source>
                <vertices id="ID44">
                    <input semantic="POSITION" source="#ID43" />
                </vertices>
                <lines count="2" material="Material2">
                    <input offset="0" semantic="VERTEX" source="#ID44" />
                    <p>1 0 2 1</p>
                </lines>
            </mesh>
        </geometry>
        <geometry id="ID48">
            <mesh>
                <source id="ID49">
                    <float_array id="ID52" count="288">152.5195 6.651378 4.377053 152.5195 6.651378 7.433971 152.5195 6.450153 5.905512 152.5195 7.241341 2.952756 152.5195 7.241341 8.858268 152.5195 8.179837 1.729684 152.5195 8.179837 10.08134 152.5195 9.402909 0.7911886 152.5195 9.402909 11.01984 152.5195 10.82721 11.6098 152.5195 10.82721 0.2012254 152.5195 12.35566 0 152.5195 12.35566 11.81102 152.5195 13.88412 0.2012254 152.5195 13.88412 11.6098 152.5195 15.30842 11.01984 152.5195 15.30842 0.7911886 152.5195 16.53149 1.729684 152.5195 16.53149 10.08134 152.5195 17.46999 2.952756 152.5195 17.46999 8.858268 152.5195 18.05995 4.377053 152.5195 18.05995 7.433971 152.5195 18.26118 5.905512 152.5195 10.82721 0.2012254 4.487985 9.402909 0.7911886 4.487985 10.82721 0.2012254 152.5195 9.402909 0.7911886 152.5195 12.35566 0 4.487985 12.35566 1.348921e-14 152.5195 13.88412 0.2012254 4.487985 13.88412 0.2012254 152.5195 15.30842 0.7911886 4.487985 15.30842 0.7911886 152.5195 16.53149 1.729684 4.487985 16.53149 1.729684 152.5195 17.46999 2.952756 4.487985 17.46999 2.952756 152.5195 18.05995 4.377053 4.487985 18.05995 4.377053 152.5195 18.26118 5.905512 4.487985 18.26118 5.905512 152.5195 18.05995 7.433971 4.487985 18.05995 7.433971 152.5195 17.46999 8.858268 4.487985 17.46999 8.858268 152.5195 16.53149 10.08134 4.487985 16.53149 10.08134 152.5195 15.30842 11.01984 4.487985 15.30842 11.01984 152.5195 13.88412 11.6098 4.487985 13.88412 11.6098 152.5195 12.35566 11.81102 4.487985 12.35566 11.81102 152.5195 10.82721 11.6098 4.487985 10.82721 11.6098 152.5195 9.402909 11.01984 4.487985 9.402909 11.01984 152.5195 8.179837 10.08134 4.487985 8.179837 10.08134 4.487985 7.241341 8.858268 152.5195 7.241341 8.858268 4.487985 6.651378 7.433971 152.5195 6.651378 7.433971 4.487985 6.450153 5.905512 152.5195 6.450153 5.905512 4.487985 6.651378 4.377053 152.5195 6.651378 4.377053 4.487985 7.241341 2.952756 152.5195 7.241341 2.952756 4.487985 8.179837 1.729684 152.5195 8.179837 1.729684 4.487985 6.651378 7.433971 4.487985 6.651378 4.377053 4.487985 6.450153 5.905512 4.487985 7.241341 8.858268 4.487985 7.241341 2.952756 4.487985 8.179837 10.08134 4.487985 8.179837 1.729684 4.487985 9.402909 11.01984 4.487985 9.402909 0.7911886 4.487985 10.82721 11.6098 4.487985 10.82721 0.2012254 4.487985 12.35566 11.81102 4.487985 12.35566 1.348921e-14 4.487985 13.88412 11.6098 4.487985 13.88412 0.2012254 4.487985 15.30842 11.01984 4.487985 15.30842 0.7911886 4.487985 16.53149 10.08134 4.487985 16.53149 1.729684 4.487985 17.46999 8.858268 4.487985 17.46999 2.952756 4.487985 18.05995 7.433971 4.487985 18.05995 4.377053 4.487985 18.26118 5.905512</float_array>
                    <technique_common>
                        <accessor count="96" source="#ID52" stride="3">
                            <param name="X" type="float" />
                            <param name="Y" type="float" />
                            <param name="Z" type="float" />
                        </accessor>
                    </technique_common>
                </source>
                <source id="ID50">
                    <float_array id="ID53" count="288">1 -1.297956e-31 -8.989557e-17 1 -1.297956e-31 -8.989557e-17 1 -1.297956e-31 -8.989557e-17 1 -1.297956e-31 -8.989557e-17 1 -1.297956e-31 -8.989557e-17 1 -1.297956e-31 -8.989557e-17 1 -1.297956e-31 -8.989557e-17 1 -1.297956e-31 -8.989557e-17 1 -1.297956e-31 -8.989557e-17 1 -1.297956e-31 -8.989557e-17 1 -1.297956e-31 -8.989557e-17 1 -1.297956e-31 -8.989557e-17 1 -1.297956e-31 -8.989557e-17 1 -1.297956e-31 -8.989557e-17 1 -1.297956e-31 -8.989557e-17 1 -1.297956e-31 -8.989557e-17 1 -1.297956e-31 -8.989557e-17 1 -1.297956e-31 -8.989557e-17 1 -1.297956e-31 -8.989557e-17 1 -1.297956e-31 -8.989557e-17 1 -1.297956e-31 -8.989557e-17 1 -1.297956e-31 -8.989557e-17 1 -1.297956e-31 -8.989557e-17 1 -1.297956e-31 -8.989557e-17 -8.683245e-17 -0.258819 -0.9659258 -7.785184e-17 -0.5 -0.8660254 -8.683245e-17 -0.258819 -0.9659258 -7.785184e-17 -0.5 -0.8660254 -8.989557e-17 0 -1 -8.989557e-17 0 -1 -8.683245e-17 0.258819 -0.9659258 -8.683245e-17 0.258819 -0.9659258 -7.785184e-17 0.5 -0.8660254 -7.785184e-17 0.5 -0.8660254 -6.356576e-17 0.7071068 -0.7071068 -6.356576e-17 0.7071068 -0.7071068 -4.494778e-17 0.8660254 -0.5 -4.494778e-17 0.8660254 -0.5 -2.326668e-17 0.9659258 -0.258819 -2.326668e-17 0.9659258 -0.258819 -1.563144e-31 1 -3.163444e-15 -8.607188e-32 1 -2.397089e-15 2.326668e-17 0.9659258 0.258819 2.326668e-17 0.9659258 0.258819 4.494778e-17 0.8660254 0.5 4.494778e-17 0.8660254 0.5 6.356576e-17 0.7071068 0.7071068 6.356576e-17 0.7071068 0.7071068 7.785184e-17 0.5 0.8660254 7.785184e-17 0.5 0.8660254 8.683245e-17 0.258819 0.9659258 8.683245e-17 0.258819 0.9659258 8.989557e-17 6.148666e-16 1 8.989557e-17 6.148666e-16 1 8.683245e-17 -0.258819 0.9659258 8.683245e-17 -0.258819 0.9659258 7.785184e-17 -0.5 0.8660254 7.785184e-17 -0.5 0.8660254 6.356576e-17 -0.7071068 0.7071068 6.356576e-17 -0.7071068 0.7071068 4.494778e-17 -0.8660254 0.5 4.494778e-17 -0.8660254 0.5 2.326668e-17 -0.9659258 0.258819 2.326668e-17 -0.9659258 0.258819 -3.314262e-31 -1 -2.254511e-15 -4.016688e-31 -1 -3.029777e-15 -2.326668e-17 -0.9659258 -0.258819 -2.326668e-17 -0.9659258 -0.258819 -4.494778e-17 -0.8660254 -0.5 -4.494778e-17 -0.8660254 -0.5 -6.356576e-17 -0.7071068 -0.7071068 -6.356576e-17 -0.7071068 -0.7071068 -1 1.297956e-31 8.989557e-17 -1 1.297956e-31 8.989557e-17 -1 1.297956e-31 8.989557e-17 -1 1.297956e-31 8.989557e-17 -1 1.297956e-31 8.989557e-17 -1 1.297956e-31 8.989557e-17 -1 1.297956e-31 8.989557e-17 -1 1.297956e-31 8.989557e-17 -1 1.297956e-31 8.989557e-17 -1 1.297956e-31 8.989557e-17 -1 1.297956e-31 8.989557e-17 -1 1.297956e-31 8.989557e-17 -1 1.297956e-31 8.989557e-17 -1 1.297956e-31 8.989557e-17 -1 1.297956e-31 8.989557e-17 -1 1.297956e-31 8.989557e-17 -1 1.297956e-31 8.989557e-17 -1 1.297956e-31 8.989557e-17 -1 1.297956e-31 8.989557e-17 -1 1.297956e-31 8.989557e-17 -1 1.297956e-31 8.989557e-17 -1 1.297956e-31 8.989557e-17 -1 1.297956e-31 8.989557e-17 -1 1.297956e-31 8.989557e-17</float_array>
                    <technique_common>
                        <accessor count="96" source="#ID53" stride="3">
                            <param name="X" type="float" />
                            <param name="Y" type="float" />
                            <param name="Z" type="float" />
                        </accessor>
                    </technique_common>
                </source>
                <vertices id="ID51">
                    <input semantic="POSITION" source="#ID49" />
                    <input semantic="NORMAL" source="#ID50" />
                </vertices>
                <triangles count="92" material="Material2">
                    <input offset="0" semantic="VERTEX" source="#ID51" />
                    <p>0 1 2 1 0 3 1 3 4 4 3 5 4 5 6 6 5 7 6 7 8 8 7 9 9 7 10 9 10 11 9 11 12 12 11 13 12 13 14 14 13 15 15 13 16 15 16 17 15 17 18 18 17 19 18 19 20 20 19 21 20 21 22 22 21 23 24 25 26 25 24 27 28 26 29 26 28 24 30 29 31 29 30 28 32 31 33 31 32 30 34 33 35 33 34 32 35 36 34 36 35 37 37 38 36 38 37 39 39 40 38 40 39 41 41 42 40 42 41 43 43 44 42 44 43 45 45 46 44 46 45 47 48 47 49 47 48 46 50 49 51 49 50 48 52 51 53 51 52 50 54 53 55 53 54 52 56 55 57 55 56 54 58 57 59 57 58 56 58 60 61 60 58 59 61 62 63 62 61 60 63 64 65 64 63 62 65 66 67 66 65 64 67 68 69 68 67 66 69 70 71 70 69 68 27 70 25 70 27 71 72 73 74 73 72 75 73 75 76 76 75 77 76 77 78 78 77 79 78 79 80 80 79 81 80 81 82 82 81 83 82 83 84 84 83 85 84 85 86 86 85 87 86 87 88 88 87 89 88 89 90 90 89 91 90 91 92 92 91 93 92 93 94 94 93 95</p>
                </triangles>
            </mesh>
        </geometry>
        <geometry id="ID54">
            <mesh>
                <source id="ID55">
                    <float_array id="ID58" count="288">152.1831 443.0037 9.733264 151.6134 562.6887 9.497279 151.6134 443.0037 9.497279 152.1831 562.6887 9.733264 153.4059 443.0037 5.169835 152.1831 443.0037 5.169835 152.7945 443.0037 5.089344 153.9756 443.0037 5.40582 151.6134 443.0037 5.40582 154.4648 443.0037 5.781218 151.1241 443.0037 5.781218 154.8402 443.0037 6.270447 150.7488 443.0037 6.270447 155.0762 443.0037 6.840166 150.5128 443.0037 6.840166 155.1567 443.0037 7.451549 150.4323 443.0037 7.451549 155.0762 443.0037 8.062933 150.5128 443.0037 8.062933 154.8402 443.0037 8.632652 150.7488 443.0037 8.632652 154.4648 443.0037 9.12188 151.1241 443.0037 9.12188 153.9756 443.0037 9.497279 151.6134 443.0037 9.497279 153.4059 443.0037 9.733264 152.1831 443.0037 9.733264 152.7945 443.0037 9.813754 152.7945 443.0037 9.813754 152.7945 562.6887 9.813754 152.1831 562.6887 5.169835 153.4059 562.6887 5.169835 152.7945 562.6887 5.089344 151.6134 562.6887 5.40582 153.9756 562.6887 5.40582 151.1241 562.6887 5.781218 154.4648 562.6887 5.781218 150.7488 562.6887 6.270447 154.8402 562.6887 6.270447 150.5128 562.6887 6.840166 155.0762 562.6887 6.840166 150.4323 562.6887 7.451549 155.1567 562.6887 7.451549 150.5128 562.6887 8.062933 155.0762 562.6887 8.062933 150.7488 562.6887 8.632652 154.8402 562.6887 8.632652 151.1241 562.6887 9.12188 154.4648 562.6887 9.12188 151.6134 562.6887 9.497279 153.9756 562.6887 9.497279 152.1831 562.6887 9.733264 153.4059 562.6887 9.733264 152.7945 562.6887 9.813754 151.1241 562.6887 9.12188 151.1241 443.0037 9.12188 154.8402 562.6887 8.632652 154.4648 443.0037 9.12188 154.8402 443.0037 8.632652 154.4648 562.6887 9.12188 153.9756 562.6887 9.497279 153.9756 443.0037 9.497279 153.4059 562.6887 9.733264 153.4059 443.0037 9.733264 150.7488 562.6887 8.632652 150.7488 443.0037 8.632652 150.5128 443.0037 8.062933 150.5128 562.6887 8.062933 150.4323 443.0037 7.451549 150.4323 562.6887 7.451549 150.5128 443.0037 6.840166 150.5128 562.6887 6.840166 150.7488 562.6887 6.270447 150.7488 443.0037 6.270447 151.1241 443.0037 5.781218 151.1241 562.6887 5.781218 151.6134 562.6887 5.40582 151.6134 443.0037 5.40582 152.1831 562.6887 5.169835 152.1831 443.0037 5.169835 152.7945 562.6887 5.089344 152.7945 443.0037 5.089344 153.4059 562.6887 5.169835 153.4059 443.0037 5.169835 153.9756 562.6887 5.40582 153.9756 443.0037 5.40582 154.4648 562.6887 5.781218 154.4648 443.0037 5.781218 154.8402 562.6887 6.270447 154.8402 443.0037 6.270447 155.0762 443.0037 6.840166 155.0762 562.6887 6.840166 155.1567 443.0037 7.451549 155.1567 562.6887 7.451549 155.0762 562.6887 8.062933 155.0762 443.0037 8.062933</float_array>
                    <technique_common>
                        <accessor count="96" source="#ID58" stride="3">
                            <param name="X" type="float" />
                            <param name="Y" type="float" />
                            <param name="Z" type="float" />
                        </accessor>
                    </technique_common>
                </source>
                <source id="ID56">
                    <float_array id="ID59" count="288">-0.258819 3.48695e-15 0.9659258 -0.5 3.126314e-15 0.8660254 -0.5 3.126314e-15 0.8660254 -0.258819 3.48695e-15 0.9659258 6.007958e-30 -1 3.609956e-15 6.007958e-30 -1 3.609956e-15 6.007958e-30 -1 3.609956e-15 6.007958e-30 -1 3.609956e-15 6.007958e-30 -1 3.609956e-15 6.007958e-30 -1 3.609956e-15 6.007958e-30 -1 3.609956e-15 6.007958e-30 -1 3.609956e-15 6.007958e-30 -1 3.609956e-15 6.007958e-30 -1 3.609956e-15 6.007958e-30 -1 3.609956e-15 6.007958e-30 -1 3.609956e-15 6.007958e-30 -1 3.609956e-15 6.007958e-30 -1 3.609956e-15 6.007958e-30 -1 3.609956e-15 6.007958e-30 -1 3.609956e-15 6.007958e-30 -1 3.609956e-15 6.007958e-30 -1 3.609956e-15 6.007958e-30 -1 3.609956e-15 6.007958e-30 -1 3.609956e-15 6.007958e-30 -1 3.609956e-15 6.007958e-30 -1 3.609956e-15 6.007958e-30 -1 3.609956e-15 6.007958e-30 -1 3.609956e-15 0 3.609956e-15 1 0 3.609956e-15 1 -6.007958e-30 1 -3.609956e-15 -6.007958e-30 1 -3.609956e-15 -6.007958e-30 1 -3.609956e-15 -6.007958e-30 1 -3.609956e-15 -6.007958e-30 1 -3.609956e-15 -6.007958e-30 1 -3.609956e-15 -6.007958e-30 1 -3.609956e-15 -6.007958e-30 1 -3.609956e-15 -6.007958e-30 1 -3.609956e-15 -6.007958e-30 1 -3.609956e-15 -6.007958e-30 1 -3.609956e-15 -6.007958e-30 1 -3.609956e-15 -6.007958e-30 1 -3.609956e-15 -6.007958e-30 1 -3.609956e-15 -6.007958e-30 1 -3.609956e-15 -6.007958e-30 1 -3.609956e-15 -6.007958e-30 1 -3.609956e-15 -6.007958e-30 1 -3.609956e-15 -6.007958e-30 1 -3.609956e-15 -6.007958e-30 1 -3.609956e-15 -6.007958e-30 1 -3.609956e-15 -6.007958e-30 1 -3.609956e-15 -6.007958e-30 1 -3.609956e-15 -6.007958e-30 1 -3.609956e-15 -0.7071068 2.552625e-15 0.7071068 -0.7071068 2.552625e-15 0.7071068 0.8660254 1.804978e-15 0.5 0.7071068 2.552625e-15 0.7071068 0.8660254 1.804978e-15 0.5 0.7071068 2.552625e-15 0.7071068 0.5 3.126314e-15 0.8660254 0.5 3.126314e-15 0.8660254 0.258819 3.48695e-15 0.9659258 0.258819 3.48695e-15 0.9659258 -0.8660254 1.804978e-15 0.5 -0.8660254 1.804978e-15 0.5 -0.9659258 9.343255e-16 0.258819 -0.9659258 9.343255e-16 0.258819 -1 -2.399724e-29 -4.972399e-15 -1 -4.007982e-29 -9.419043e-15 -0.9659258 -9.343255e-16 -0.258819 -0.9659258 -9.343255e-16 -0.258819 -0.8660254 -1.804978e-15 -0.5 -0.8660254 -1.804978e-15 -0.5 -0.7071068 -2.552625e-15 -0.7071068 -0.7071068 -2.552625e-15 -0.7071068 -0.5 -3.126314e-15 -0.8660254 -0.5 -3.126314e-15 -0.8660254 -0.258819 -3.48695e-15 -0.9659258 -0.258819 -3.48695e-15 -0.9659258 0 -3.609956e-15 -1 0 -3.609956e-15 -1 0.258819 -3.48695e-15 -0.9659258 0.258819 -3.48695e-15 -0.9659258 0.5 -3.126314e-15 -0.8660254 0.5 -3.126314e-15 -0.8660254 0.7071068 -2.552625e-15 -0.7071068 0.7071068 -2.552625e-15 -0.7071068 0.8660254 -1.804978e-15 -0.5 0.8660254 -1.804978e-15 -0.5 0.9659258 -9.343255e-16 -0.258819 0.9659258 -9.343255e-16 -0.258819 1 -1.190364e-29 -4.972399e-15 1 -2.798622e-29 -9.419043e-15 0.9659258 9.343255e-16 0.258819 0.9659258 9.343255e-16 0.258819</float_array>
                    <technique_common>
                        <accessor count="96" source="#ID59" stride="3">
                            <param name="X" type="float" />
                            <param name="Y" type="float" />
                            <param name="Z" type="float" />
                        </accessor>
                    </technique_common>
                </source>
                <vertices id="ID57">
                    <input semantic="POSITION" source="#ID55" />
                    <input semantic="NORMAL" source="#ID56" />
                </vertices>
                <triangles count="92" material="Material2">
                    <input offset="0" semantic="VERTEX" source="#ID57" />
                    <p>0 1 2 1 0 3 4 5 6 5 4 7 5 7 8 8 7 9 8 9 10 10 9 11 10 11 12 12 11 13 12 13 14 14 13 15 14 15 16 16 15 17 16 17 18 18 17 19 18 19 20 20 19 21 20 21 22 22 21 23 22 23 24 24 23 25 24 25 26 26 25 27 28 3 0 3 28 29 30 31 32 31 30 33 31 33 34 34 33 35 34 35 36 36 35 37 36 37 38 38 37 39 38 39 40 40 39 41 40 41 42 42 41 43 42 43 44 44 43 45 44 45 46 46 45 47 46 47 48 48 47 49 48 49 50 50 49 51 50 51 52 52 51 53 2 54 55 54 2 1 56 57 58 57 56 59 57 60 61 60 57 59 61 62 63 62 61 60 63 29 28 29 63 62 55 64 65 64 55 54 64 66 65 66 64 67 67 68 66 68 67 69 69 70 68 70 69 71 70 72 73 72 70 71 72 74 73 74 72 75 76 74 75 74 76 77 78 77 76 77 78 79 80 79 78 79 80 81 82 81 80 81 82 83 84 83 82 83 84 85 86 85 84 85 86 87 87 88 89 88 87 86 88 90 89 90 88 91 91 92 90 92 91 93 92 94 95 94 92 93 95 56 58 56 95 94</p>
                </triangles>
            </mesh>
        </geometry>
        <geometry id="ID60">
            <mesh>
                <source id="ID61">
                    <float_array id="ID64" count="291">151.4722 442.9134 2.916886 153.9177 442.9134 2.916886 152.695 442.9134 2.755906 150.3328 442.9134 3.388856 155.0572 442.9134 3.388856 149.3543 442.9134 4.139653 156.0356 442.9134 4.139653 148.6035 442.9134 5.11811 156.7864 442.9134 5.11811 148.1316 442.9134 6.257548 157.2584 442.9134 6.257548 147.9706 442.9134 7.480315 157.4194 442.9134 7.480315 148.1316 442.9134 8.703082 157.2584 442.9134 8.703082 148.6035 442.9134 9.84252 156.7864 442.9134 9.84252 149.3543 442.9134 10.82098 156.0356 442.9134 10.82098 150.3328 442.9134 11.57177 155.0572 442.9134 11.57177 151.4722 442.9134 12.04374 153.9177 442.9134 12.04374 152.695 442.9134 12.20472 148.1316 442.9134 8.703082 147.9706 1.136868e-13 7.480315 148.1316 1.136868e-13 8.703082 147.9706 442.9134 7.480315 148.6035 442.9134 9.84252 148.6035 0 9.84252 149.3543 442.9134 10.82098 149.3543 0 10.82098 150.3328 3.410605e-13 11.57177 150.3328 442.9134 11.57177 151.4722 2.273737e-13 12.04374 151.4722 442.9134 12.04374 152.695 0 12.20472 152.695 442.9134 12.20472 152.695 228.8922 12.20472 153.9177 2.273737e-13 12.04374 153.9177 442.9134 12.04374 155.0572 3.410605e-13 11.57177 155.0572 442.9134 11.57177 156.0356 0 10.82098 156.0356 442.9134 10.82098 156.7864 442.9134 9.84252 156.7864 0 9.84252 157.2584 1.136868e-13 8.703082 157.2584 442.9134 8.703082 157.4194 442.9134 7.480315 157.4194 1.136868e-13 7.480315 157.2584 3.410605e-13 6.257548 157.2584 442.9134 6.257548 156.7864 442.9134 5.11811 156.7864 2.273737e-13 5.11811 156.0356 442.9134 4.139653 156.0356 2.273737e-13 4.139653 155.0572 0 3.388856 155.0572 442.9134 3.388856 153.9177 0 2.916886 153.9177 442.9134 2.916886 152.695 1.136868e-13 2.755906 152.695 442.9134 2.755906 151.4722 0 2.916886 151.4722 442.9134 2.916886 150.3328 0 3.388856 150.3328 442.9134 3.388856 149.3543 2.273737e-13 4.139653 149.3543 442.9134 4.139653 148.6035 442.9134 5.11811 148.6035 2.273737e-13 5.11811 148.1316 3.410605e-13 6.257548 148.1316 442.9134 6.257548 153.9177 0 2.916886 151.4722 0 2.916886 152.695 1.136868e-13 2.755906 155.0572 0 3.388856 150.3328 0 3.388856 156.0356 2.273737e-13 4.139653 149.3543 2.273737e-13 4.139653 156.7864 2.273737e-13 5.11811 148.6035 2.273737e-13 5.11811 157.2584 3.410605e-13 6.257548 148.1316 3.410605e-13 6.257548 157.4194 1.136868e-13 7.480315 147.9706 1.136868e-13 7.480315 157.2584 1.136868e-13 8.703082 148.1316 1.136868e-13 8.703082 156.7864 0 9.84252 148.6035 0 9.84252 156.0356 0 10.82098 149.3543 0 10.82098 155.0572 3.410605e-13 11.57177 150.3328 3.410605e-13 11.57177 153.9177 2.273737e-13 12.04374 151.4722 2.273737e-13 12.04374 152.695 0 12.20472</float_array>
                    <technique_common>
                        <accessor count="97" source="#ID64" stride="3">
                            <param name="X" type="float" />
                            <param name="Y" type="float" />
                            <param name="Z" type="float" />
                        </accessor>
                    </technique_common>
                </source>
                <source id="ID62">
                    <float_array id="ID65" count="291">-9.843654e-30 1 -4.403965e-15 -9.843654e-30 1 -4.403965e-15 -9.843654e-30 1 -4.403965e-15 -9.843654e-30 1 -4.403965e-15 -9.843654e-30 1 -4.403965e-15 -9.843654e-30 1 -4.403965e-15 -9.843654e-30 1 -4.403965e-15 -9.843654e-30 1 -4.403965e-15 -9.843654e-30 1 -4.403965e-15 -9.843654e-30 1 -4.403965e-15 -9.843654e-30 1 -4.403965e-15 -9.843654e-30 1 -4.403965e-15 -9.843654e-30 1 -4.403965e-15 -9.843654e-30 1 -4.403965e-15 -9.843654e-30 1 -4.403965e-15 -9.843654e-30 1 -4.403965e-15 -9.843654e-30 1 -4.403965e-15 -9.843654e-30 1 -4.403965e-15 -9.843654e-30 1 -4.403965e-15 -9.843654e-30 1 -4.403965e-15 -9.843654e-30 1 -4.403965e-15 -9.843654e-30 1 -4.403965e-15 -9.843654e-30 1 -4.403965e-15 -9.843654e-30 1 -4.403965e-15 -0.9659258 2.306218e-15 0.258819 -1 -2.718551e-19 1.449838e-14 -0.9659258 2.306218e-15 0.258819 -1 -2.718551e-19 -2.432733e-15 -0.8660254 4.458231e-15 0.5 -0.8660254 4.458231e-15 0.5 -0.7071068 6.307115e-15 0.7071068 -0.7071068 6.307115e-15 0.7071068 -0.5 7.724621e-15 0.8660254 -0.5 7.724621e-15 0.8660254 -0.258819 8.628077e-15 0.9659258 -0.258819 8.628077e-15 0.9659258 -3.920888e-16 8.944422e-15 1 -3.920888e-16 8.944422e-15 1 -3.920888e-16 8.944422e-15 1 0.258819 8.628089e-15 0.9659258 0.258819 8.628089e-15 0.9659258 0.5 7.724599e-15 0.8660254 0.5 7.724599e-15 0.8660254 0.7071068 6.307093e-15 0.7071068 0.7071068 6.307093e-15 0.7071068 0.8660254 4.458231e-15 0.5 0.8660254 4.458231e-15 0.5 0.9659258 2.306218e-15 0.258819 0.9659258 2.306218e-15 0.258819 1 -2.718551e-19 -2.441644e-15 1 -2.718551e-19 1.448946e-14 0.9659258 -2.304168e-15 -0.258819 0.9659258 -2.304168e-15 -0.258819 0.8660254 -4.446056e-15 -0.5 0.8660254 -4.446056e-15 -0.5 0.7071068 -6.284448e-15 -0.7071068 0.7071068 -6.284448e-15 -0.7071068 0.5 -7.696865e-15 -0.8660254 0.5 -7.696865e-15 -0.8660254 0.258819 -8.584684e-15 -0.9659258 0.258819 -8.584684e-15 -0.9659258 0 -8.887508e-15 -1 0 -8.887508e-15 -1 -0.258819 -8.58467e-15 -0.9659258 -0.258819 -8.58467e-15 -0.9659258 -0.5 -7.696829e-15 -0.8660254 -0.5 -7.696829e-15 -0.8660254 -0.7071068 -6.284426e-15 -0.7071068 -0.7071068 -6.284426e-15 -0.7071068 -0.8660254 -4.446056e-15 -0.5 -0.8660254 -4.446056e-15 -0.5 -0.9659258 -2.304168e-15 -0.258819 -0.9659258 -2.304168e-15 -0.258819 9.685719e-30 -1 4.403965e-15 9.685719e-30 -1 4.403965e-15 9.685719e-30 -1 4.403965e-15 9.685719e-30 -1 4.403965e-15 9.685719e-30 -1 4.403965e-15 9.685719e-30 -1 4.403965e-15 9.685719e-30 -1 4.403965e-15 9.685719e-30 -1 4.403965e-15 9.685719e-30 -1 4.403965e-15 9.685719e-30 -1 4.403965e-15 9.685719e-30 -1 4.403965e-15 9.685719e-30 -1 4.403965e-15 9.685719e-30 -1 4.403965e-15 9.685719e-30 -1 4.403965e-15 9.685719e-30 -1 4.403965e-15 9.685719e-30 -1 4.403965e-15 9.685719e-30 -1 4.403965e-15 9.685719e-30 -1 4.403965e-15 9.685719e-30 -1 4.403965e-15 9.685719e-30 -1 4.403965e-15 9.685719e-30 -1 4.403965e-15 9.685719e-30 -1 4.403965e-15 9.685719e-30 -1 4.403965e-15 9.685719e-30 -1 4.403965e-15</float_array>
                    <technique_common>
                        <accessor count="97" source="#ID65" stride="3">
                            <param name="X" type="float" />
                            <param name="Y" type="float" />
                            <param name="Z" type="float" />
                        </accessor>
                    </technique_common>
                </source>
                <vertices id="ID63">
                    <input semantic="POSITION" source="#ID61" />
                    <input semantic="NORMAL" source="#ID62" />
                </vertices>
                <triangles count="94" material="Material2">
                    <input offset="0" semantic="VERTEX" source="#ID63" />
                    <p>0 1 2 1 0 3 1 3 4 4 3 5 4 5 6 6 5 7 6 7 8 8 7 9 8 9 10 10 9 11 10 11 12 12 11 13 12 13 14 14 13 15 14 15 16 16 15 17 16 17 18 18 17 19 18 19 20 20 19 21 20 21 22 22 21 23 24 25 26 25 24 27 28 26 29 26 28 24 30 29 31 29 30 28 32 30 31 30 32 33 34 33 32 33 34 35 36 35 34 35 36 37 37 36 38 39 38 36 38 39 37 37 39 40 41 40 39 40 41 42 43 42 41 42 43 44 45 43 46 43 45 44 47 45 46 45 47 48 49 47 50 47 49 48 51 49 50 49 51 52 53 51 54 51 53 52 55 54 56 54 55 53 55 57 58 57 55 56 58 59 60 59 58 57 60 61 62 61 60 59 62 63 64 63 62 61 64 65 66 65 64 63 66 67 68 67 66 65 69 67 70 67 69 68 71 69 70 69 71 72 27 71 25 71 27 72 73 74 75 74 73 76 74 76 77 77 76 78 77 78 79 79 78 80 79 80 81 81 80 82 81 82 83 83 82 84 83 84 85 85 84 86 85 86 87 87 86 88 87 88 89 89 88 90 89 90 91 91 90 92 91 92 93 93 92 94 93 94 95 95 94 96</p>
                </triangles>
            </mesh>
        </geometry>
        <geometry id="ID66">
            <mesh>
                <source id="ID67">
                    <float_array id="ID70" count="291">0 234.5965 7.827672 153.1496 234.0065 9.251969 153.1496 234.5965 7.827672 0 234.0065 9.251969 153.1496 223.1879 4.770754 153.1496 223.1879 7.827672 153.1496 222.9867 6.299213 153.1496 223.7779 3.346457 153.1496 223.7779 9.251969 153.1496 224.7164 2.123385 153.1496 224.7164 10.47504 153.1496 225.9395 1.184889 153.1496 225.9395 11.41354 153.1496 227.3638 0.5949262 153.1496 227.3638 12.0035 153.1496 228.8922 0.3937008 153.1496 228.8922 12.20472 153.1496 230.4207 0.5949262 153.1496 230.4207 12.0035 153.1496 231.845 1.184889 153.1496 231.845 11.41354 153.1496 233.068 2.123385 153.1496 233.068 10.47504 153.1496 234.0065 3.346457 153.1496 234.0065 9.251969 153.1496 234.5965 4.770754 153.1496 234.5965 7.827672 153.1496 234.7977 6.299213 0 234.7977 6.299213 153.1496 234.7977 6.299213 0 223.1879 7.827672 0 223.1879 4.770754 0 222.9867 6.299213 0 223.7779 9.251969 0 223.7779 3.346457 0 224.7164 10.47504 0 224.7164 2.123385 0 225.9395 11.41354 0 225.9395 1.184889 0 227.3638 12.0035 0 227.3638 0.5949262 0 228.8922 12.20472 0 228.8922 0.3937008 0 230.4207 12.0035 0 230.4207 0.5949262 0 231.845 11.41354 0 231.845 1.184889 0 233.068 10.47504 0 233.068 2.123385 0 234.0065 9.251969 0 234.0065 3.346457 0 234.5965 7.827672 0 234.5965 4.770754 0 234.7977 6.299213 153.1496 233.068 10.47504 0 233.068 10.47504 153.1496 227.3638 0.5949262 0 225.9395 1.184889 0 227.3638 0.5949262 153.1496 225.9395 1.184889 153.1496 228.8922 0.3937008 0 228.8922 0.3937008 153.1496 230.4207 0.5949262 0 230.4207 0.5949262 153.1496 231.845 1.184889 0 231.845 1.184889 153.1496 233.068 2.123385 0 233.068 2.123385 153.1496 234.0065 3.346457 0 234.0065 3.346457 153.1496 234.5965 4.770754 0 234.5965 4.770754 153.1496 231.845 11.41354 0 231.845 11.41354 153.1496 230.4207 12.0035 0 230.4207 12.0035 152.695 228.8922 12.20472 0 228.8922 12.20472 153.1496 228.8922 12.20472 153.1496 227.3638 12.0035 0 227.3638 12.0035 153.1496 225.9395 11.41354 0 225.9395 11.41354 153.1496 224.7164 10.47504 0 224.7164 10.47504 0 223.7779 9.251969 153.1496 223.7779 9.251969 0 223.1879 7.827672 153.1496 223.1879 7.827672 0 222.9867 6.299213 153.1496 222.9867 6.299213 0 223.1879 4.770754 153.1496 223.1879 4.770754 0 223.7779 3.346457 153.1496 223.7779 3.346457 0 224.7164 2.123385 153.1496 224.7164 2.123385</float_array>
                    <technique_common>
                        <accessor count="97" source="#ID70" stride="3">
                            <param name="X" type="float" />
                            <param name="Y" type="float" />
                            <param name="Z" type="float" />
                        </accessor>
                    </technique_common>
                </source>
                <source id="ID68">
                    <float_array id="ID71" count="291">8.948536e-18 0.9659258 0.258819 9.466374e-18 0.8660254 0.5 8.948536e-18 0.9659258 0.258819 9.466374e-18 0.8660254 0.5 1 -4.934686e-32 2.076049e-16 1 -4.934686e-32 2.076049e-16 1 -4.934686e-32 2.076049e-16 1 -4.934686e-32 2.076049e-16 1 -4.934686e-32 2.076049e-16 1 -4.934686e-32 2.076049e-16 1 -4.934686e-32 2.076049e-16 1 -4.934686e-32 2.076049e-16 1 -4.934686e-32 2.076049e-16 1 -4.934686e-32 2.076049e-16 1 -4.934686e-32 2.076049e-16 1 -4.934686e-32 2.076049e-16 1 -4.934686e-32 2.076049e-16 1 -4.934686e-32 2.076049e-16 1 -4.934686e-32 2.076049e-16 1 -4.934686e-32 2.076049e-16 1 -4.934686e-32 2.076049e-16 1 -4.934686e-32 2.076049e-16 1 -4.934686e-32 2.076049e-16 1 -4.934686e-32 2.076049e-16 1 -4.934686e-32 2.076049e-16 1 -4.934686e-32 2.076049e-16 1 -4.934686e-32 2.076049e-16 1 -4.934686e-32 2.076049e-16 -1.185572e-18 1 -2.504022e-15 -1.185572e-18 1 -2.504022e-15 -1 0 0 -1 0 0 -1 0 0 -1 0 0 -1 0 0 -1 0 0 -1 0 0 -1 0 0 -1 0 0 -1 0 0 -1 0 0 -1 0 0 -1 0 0 -1 0 0 -1 0 0 -1 0 0 -1 0 0 -1 0 0 -1 0 0 -1 0 0 -1 0 0 -1 0 0 -1 0 0 -1 0 0 8.483375e-18 0.7071068 0.7071068 8.483375e-18 0.7071068 0.7071068 -8.764897e-17 -0.258819 -0.9659258 -7.83803e-17 -0.5 -0.8660254 -8.764897e-17 -0.258819 -0.9659258 -7.83803e-17 -0.5 -0.8660254 -9.068908e-17 2.379266e-15 -1 -9.068908e-17 2.379266e-15 -1 -8.773181e-17 0.258819 -0.9659258 -8.773181e-17 0.258819 -0.9659258 -7.844287e-17 0.5 -0.8660254 -7.844287e-17 0.5 -0.8660254 -6.254538e-17 0.7071068 -0.7071068 -6.254538e-17 0.7071068 -0.7071068 -4.26874e-17 0.8660254 -0.5 -4.26874e-17 0.8660254 -0.5 -2.055875e-17 0.9659258 -0.258819 -2.055875e-17 0.9659258 -0.258819 1.038997e-17 0.5 0.8660254 1.038997e-17 0.5 0.8660254 -8.993474e-16 0.258819 0.9659258 -8.993474e-16 0.258819 0.9659258 -1.809828e-15 2.406e-15 1 -1.809828e-15 2.406e-15 1 -1.809828e-15 2.406e-15 1 -8.992384e-16 -0.258819 0.9659258 -8.992384e-16 -0.258819 0.9659258 1.045255e-17 -0.5 0.8660254 1.045255e-17 -0.5 0.8660254 8.483375e-18 -0.7071068 0.7071068 8.483375e-18 -0.7071068 0.7071068 9.466374e-18 -0.8660254 0.5 9.466374e-18 -0.8660254 0.5 8.927192e-18 -0.9659258 0.258819 8.927192e-18 -0.9659258 0.258819 -1.206916e-18 -1 -2.352533e-15 -1.206916e-18 -1 -2.352533e-15 -2.055875e-17 -0.9659258 -0.258819 -2.055875e-17 -0.9659258 -0.258819 -4.26874e-17 -0.8660254 -0.5 -4.26874e-17 -0.8660254 -0.5 -6.254538e-17 -0.7071068 -0.7071068 -6.254538e-17 -0.7071068 -0.7071068</float_array>
                    <technique_common>
                        <accessor count="97" source="#ID71" stride="3">
                            <param name="X" type="float" />
                            <param name="Y" type="float" />
                            <param name="Z" type="float" />
                        </accessor>
                    </technique_common>
                </source>
                <vertices id="ID69">
                    <input semantic="POSITION" source="#ID67" />
                    <input semantic="NORMAL" source="#ID68" />
                </vertices>
                <triangles count="94" material="Material2">
                    <input offset="0" semantic="VERTEX" source="#ID69" />
                    <p>0 1 2 1 0 3 4 5 6 5 4 7 5 7 8 8 7 9 8 9 10 10 9 11 10 11 12 12 11 13 12 13 14 14 13 15 14 15 16 16 15 17 16 17 18 18 17 19 18 19 20 20 19 21 20 21 22 22 21 23 22 23 24 24 23 25 24 25 26 26 25 27 28 2 29 2 28 0 30 31 32 31 30 33 31 33 34 34 33 35 34 35 36 36 35 37 36 37 38 38 37 39 38 39 40 40 39 41 40 41 42 42 41 43 42 43 44 44 43 45 44 45 46 46 45 47 46 47 48 48 47 49 48 49 50 50 49 51 50 51 52 52 51 53 3 54 1 54 3 55 56 57 58 57 56 59 60 58 61 58 60 56 62 61 63 61 62 60 64 63 65 63 64 62 66 65 67 65 66 64 67 68 66 68 67 69 69 70 68 70 69 71 71 29 70 29 71 28 72 55 73 55 72 54 74 73 75 73 74 72 76 75 77 75 76 74 74 76 78 79 77 80 77 79 76 76 79 78 81 80 82 80 81 79 83 82 84 82 83 81 83 85 86 85 83 84 86 87 88 87 86 85 88 89 90 89 88 87 90 91 92 91 90 89 92 93 94 93 92 91 94 95 96 95 94 93 59 95 57 95 59 96</p>
                </triangles>
            </mesh>
        </geometry>
        <geometry id="ID73">
            <mesh>
                <source id="ID74">
                    <float_array id="ID77" count="888">18.42722 587.322 11.07453 19.05942 584.4409 18.4025 18.74062 587.322 11.07453 18.10843 584.4409 18.4025 5.258185 468.3057 46.57106 4.83243 464.4579 2.297051 4.83243 464.4579 46.67856 9.023712 502.337 3.31521 11.82834 527.684 43.67574 15.55282 561.3444 5.689405 14.7815 554.3735 41.58014 15.85912 564.1125 40.15637 17.42192 578.2365 6.808783 16.32579 568.3301 39.17323 16.80001 572.6159 36.37544 17.53129 579.2249 28.55873 18.07106 584.1031 7.485111 18.10843 584.4409 18.4025 18.36404 586.751 9.190667 18.42722 587.322 11.07453 18.10843 584.4409 18.4025 19.63656 579.2249 28.55873 19.05942 584.4409 18.4025 17.53129 579.2249 28.55873 28.14413 502.337 3.31521 32.33542 464.4579 46.67856 32.33542 464.4579 2.297051 31.90966 468.3057 46.57106 25.33951 527.684 43.67574 21.61502 561.3444 5.689405 22.38634 554.3735 41.58014 21.30873 564.1125 40.15637 19.74593 578.2365 6.808783 20.84205 568.3301 39.17323 20.36784 572.6159 36.37544 19.63656 579.2249 28.55873 19.09679 584.1031 7.485111 19.05942 584.4409 18.4025 18.80381 586.751 9.190667 18.74062 587.322 11.07453 18.36404 586.751 9.190667 18.74062 587.322 11.07453 18.80381 586.751 9.190667 18.42722 587.322 11.07453 3.232114 408.131 47.15368 0 294.3691 0.3600002 0 294.3691 48.11328 1.239086 337.9817 0.08178146 1.769785 356.6609 0.08178146 3.269791 409.4572 0.8186736 4.83243 464.4579 46.67856 4.83243 464.4579 2.297051 5.258185 468.3057 46.57106 4.83243 464.4579 46.67856 5.116233 464.1482 46.68721 31.90966 468.3057 46.57106 11.82834 527.684 43.67574 5.258185 468.3057 46.57106 25.33951 527.684 43.67574 25.33951 527.684 43.67574 14.7815 554.3735 41.58014 11.82834 527.684 43.67574 18.58392 554.3735 41.58014 22.38634 554.3735 41.58014 18.58392 554.3735 41.58014 15.85912 564.1125 40.15637 14.7815 554.3735 41.58014 21.30873 564.1125 40.15637 22.38634 554.3735 41.58014 21.30873 564.1125 40.15637 16.32579 568.3301 39.17323 15.85912 564.1125 40.15637 20.84205 568.3301 39.17323 20.84205 568.3301 39.17323 16.80001 572.6159 36.37544 16.32579 568.3301 39.17323 20.36784 572.6159 36.37544 17.53129 579.2249 28.55873 20.36784 572.6159 36.37544 19.63656 579.2249 28.55873 16.80001 572.6159 36.37544 18.36404 586.751 9.190667 19.09679 584.1031 7.485111 18.07106 584.1031 7.485111 18.80381 586.751 9.190667 18.07106 584.1031 7.485111 19.74593 578.2365 6.808783 17.42192 578.2365 6.808783 19.09679 584.1031 7.485111 17.42192 578.2365 6.808783 21.61502 561.3444 5.689405 15.55282 561.3444 5.689405 19.74593 578.2365 6.808783 15.55282 561.3444 5.689405 28.14413 502.337 3.31521 9.023712 502.337 3.31521 21.61502 561.3444 5.689405 4.83243 464.4579 2.297051 33.89806 409.4572 0.8186736 3.269791 409.4572 0.8186736 9.023712 502.337 3.31521 28.14413 502.337 3.31521 32.33542 464.4579 2.297051 35.92876 337.9817 0.08178146 37.16785 294.3691 48.11328 37.16785 294.3691 0.3600002 33.93573 408.131 47.15368 35.39806 356.6609 0.08178146 33.89806 409.4572 0.8186736 32.33542 464.4579 46.67856 32.33542 464.4579 2.297051 32.33542 464.4579 46.67856 31.90966 468.3057 46.57106 32.05161 464.1482 46.68721 1.769785 356.6609 0.08178146 35.56454 350.8014 0 1.603312 350.8014 3.315404e-14 3.269791 409.4572 0.8186736 35.39806 356.6609 0.08178146 33.89806 409.4572 0.8186736 1.769785 356.6609 0.08178146 1.603312 350.8014 3.315404e-14 1.239086 337.9817 0.08178146 1.239086 337.9817 0.08178146 0.2897706 276.3935 0.4746722 0 294.3691 0.3600002 36.87808 276.3935 0.4746722 1.603312 350.8014 3.315404e-14 35.56454 350.8014 0 35.92876 337.9817 0.08178146 37.16785 294.3691 0.3600002 1.239086 337.9817 0.08178146 0 294.3691 0.08178146 0 294.3691 0.3600002 1.088112 226.8693 48.11328 2.263296 153.9682 1.591134 2.263296 153.9682 46.82027 1.63523 192.9296 0.7950621 0.2897706 276.3935 0.4746722 0 294.3691 48.11328 0 294.3691 0.3600002 3.373283 413.0998 48.11328 3.232114 408.131 47.15368 0 294.3691 48.11328 4.83243 464.4579 46.67856 3.232114 408.131 47.15368 3.373283 413.0998 48.11328 5.116233 464.1482 46.68721 4.83243 464.4579 46.67856 3.373283 413.0998 48.11328 33.79456 413.0998 48.11328 5.116233 464.1482 46.68721 3.373283 413.0998 48.11328 5.258185 468.3057 46.57106 32.05161 464.1482 46.68721 31.90966 468.3057 46.57106 32.33542 464.4579 46.67856 33.79456 413.0998 48.11328 33.93573 408.131 47.15368 33.79456 413.0998 48.11328 37.16785 294.3691 48.11328 33.93573 408.131 47.15368 35.53262 192.9296 0.7950621 34.90455 153.9682 46.82027 34.90455 153.9682 1.591134 36.07973 226.8693 48.11328 36.87808 276.3935 0.4746722 37.16785 294.3691 48.11328 37.16785 294.3691 0.3600002 35.92876 337.9817 0.08178146 37.16785 294.3691 0.3600002 37.16785 294.3691 0.08178146 35.39806 356.6609 0.08178146 35.92876 337.9817 0.08178146 35.56454 350.8014 0 33.79456 413.0998 48.11328 32.33542 464.4579 46.67856 32.05161 464.1482 46.68721 36.87808 276.3935 0.4746722 1.63523 192.9296 0.7950621 0.2897706 276.3935 0.4746722 35.53262 192.9296 0.7950621 5.338295 45.11942 46.07676 5.827668 27.79659 44.50196 5.827668 27.79659 46.07676 5.693426 32.54849 41.0412 5.640746 34.41327 38.50296 5.640746 34.41327 35.74706 6.515621 3.44445 24.1311 6.612927 2.273737e-13 19.96073 6.612927 2.273737e-13 22.36896 6.520286 3.279315 9.077104 5.01996 56.38782 5.03879 6.202682 14.52184 26.89636 5.70473 32.14836 32.52677 3.447534 112.0486 46.07676 3.986542 92.96875 3.478791 2.87508 132.3123 2.033616 2.263296 153.9682 46.82027 2.263296 153.9682 1.591134 2.263296 153.9682 46.82027 36.07973 226.8693 48.11328 1.088112 226.8693 48.11328 3.447534 112.0486 46.07676 33.72031 112.0486 46.07676 34.90455 153.9682 46.82027 1.088112 226.8693 48.11328 3.373283 413.0998 48.11328 0 294.3691 48.11328 36.07973 226.8693 48.11328 33.79456 413.0998 48.11328 37.16785 294.3691 48.11328 35.53262 192.9296 0.7950621 2.263296 153.9682 1.591134 1.63523 192.9296 0.7950621 2.87508 132.3123 2.033616 34.29277 132.3123 2.033616 34.90455 153.9682 1.591134 30.64756 3.279315 9.077104 30.55492 0 22.36896 30.55492 0 19.96073 30.65223 3.44445 24.1311 32.14789 56.38782 5.03879 30.96516 14.52184 26.89636 31.46312 32.14836 32.52677 31.5271 34.41327 35.74706 31.5271 34.41327 38.50296 31.82955 45.11942 46.07676 33.72031 112.0486 46.07676 33.1813 92.96875 3.478791 34.29277 132.3123 2.033616 34.90455 153.9682 46.82027 34.90455 153.9682 1.591134 31.47442 32.54849 41.0412 31.34018 27.79659 46.07676 31.34018 27.79659 44.50196 34.29277 132.3123 2.033616 3.986542 92.96875 3.478791 2.87508 132.3123 2.033616 33.1813 92.96875 3.478791 33.1813 92.96875 3.478791 5.01996 56.38782 5.03879 3.986542 92.96875 3.478791 32.14789 56.38782 5.03879 32.14789 56.38782 5.03879 6.520286 3.279315 9.077104 5.01996 56.38782 5.03879 30.64756 3.279315 9.077104 30.55492 0 19.96073 6.520286 3.279315 9.077104 30.64756 3.279315 9.077104 6.612927 2.273737e-13 19.96073 30.55492 0 22.36896 6.612927 2.273737e-13 19.96073 30.55492 0 19.96073 6.612927 2.273737e-13 22.36896 6.612927 2.273737e-13 22.36896 30.65223 3.44445 24.1311 6.515621 3.44445 24.1311 30.55492 0 22.36896 6.515621 3.44445 24.1311 30.96516 14.52184 26.89636 6.202682 14.52184 26.89636 30.65223 3.44445 24.1311 6.202682 14.52184 26.89636 31.46312 32.14836 32.52677 5.70473 32.14836 32.52677 30.96516 14.52184 26.89636 31.5271 34.41327 35.74706 5.70473 32.14836 32.52677 31.46312 32.14836 32.52677 5.640746 34.41327 35.74706 31.5271 34.41327 38.50296 5.640746 34.41327 35.74706 31.5271 34.41327 35.74706 5.640746 34.41327 38.50296 31.47442 32.54849 41.0412 5.640746 34.41327 38.50296 31.5271 34.41327 38.50296 5.693426 32.54849 41.0412 31.47442 32.54849 41.0412 5.827668 27.79659 44.50196 5.693426 32.54849 41.0412 31.34018 27.79659 44.50196 31.34018 27.79659 46.07676 5.827668 27.79659 44.50196 31.34018 27.79659 44.50196 5.827668 27.79659 46.07676 5.827668 27.79659 46.07676 31.82955 45.11942 46.07676 5.338295 45.11942 46.07676 31.34018 27.79659 46.07676 5.338295 45.11942 46.07676 33.72031 112.0486 46.07676 3.447534 112.0486 46.07676 31.82955 45.11942 46.07676</float_array>
                    <technique_common>
                        <accessor count="296" source="#ID77" stride="3">
                            <param name="X" type="float" />
                            <param name="Y" type="float" />
                            <param name="Z" type="float" />
                        </accessor>
                    </technique_common>
                </source>
                <source id="ID75">
                    <float_array id="ID78" count="888">3.393276e-13 0.9306529 0.3659032 3.393276e-13 0.9306529 0.3659032 3.393276e-13 0.9306529 0.3659032 3.393276e-13 0.9306529 0.3659032 -0.993934 0.1099779 1.429965e-15 -0.993934 0.1099779 1.429965e-15 -0.993934 0.1099779 1.429965e-15 -0.993934 0.1099779 1.429965e-15 -0.993934 0.1099779 1.429965e-15 -0.993934 0.1099779 1.429965e-15 -0.993934 0.1099779 1.429965e-15 -0.993934 0.1099779 1.429965e-15 -0.993934 0.1099779 1.429965e-15 -0.993934 0.1099779 1.429965e-15 -0.993934 0.1099779 1.429965e-15 -0.993934 0.1099779 1.429965e-15 -0.993934 0.1099779 1.429965e-15 -0.993934 0.1099779 1.429965e-15 -0.993934 0.1099779 1.429965e-15 -0.993934 0.1099779 1.429965e-15 1.631956e-13 0.8895456 0.4568463 1.631956e-13 0.8895456 0.4568463 1.631956e-13 0.8895456 0.4568463 1.631956e-13 0.8895456 0.4568463 0.993934 0.1099779 1.6037e-16 0.993934 0.1099779 1.6037e-16 0.993934 0.1099779 1.6037e-16 0.993934 0.1099779 1.6037e-16 0.993934 0.1099779 1.6037e-16 0.993934 0.1099779 1.6037e-16 0.993934 0.1099779 1.6037e-16 0.993934 0.1099779 1.6037e-16 0.993934 0.1099779 1.6037e-16 0.993934 0.1099779 1.6037e-16 0.993934 0.1099779 1.6037e-16 0.993934 0.1099779 1.6037e-16 0.993934 0.1099779 1.6037e-16 0.993934 0.1099779 1.6037e-16 0.993934 0.1099779 1.6037e-16 0.993934 0.1099779 1.6037e-16 7.791272e-13 0.9570002 -0.2900871 7.791272e-13 0.9570002 -0.2900871 7.791272e-13 0.9570002 -0.2900871 7.791272e-13 0.9570002 -0.2900871 -0.9995966 0.02839975 -1.548158e-15 -0.9995966 0.02839975 -1.548158e-15 -0.9995966 0.02839975 -1.548158e-15 -0.9995966 0.02839975 -1.548158e-15 -0.9995966 0.02839975 -1.548158e-15 -0.9995966 0.02839975 -1.548158e-15 -0.9995966 0.02839975 -1.548158e-15 -0.9995966 0.02839975 -1.548158e-15 -5.995581e-14 0.02792475 0.99961 -5.995581e-14 0.02792475 0.99961 -5.995581e-14 0.02792475 0.99961 1.886807e-15 0.04870279 0.9988133 1.886807e-15 0.04870279 0.9988133 1.886807e-15 0.04870279 0.9988133 1.886807e-15 0.04870279 0.9988133 2.690857e-15 0.07827694 0.9969317 2.690857e-15 0.07827694 0.9969317 2.690857e-15 0.07827694 0.9969317 2.690857e-15 0.07827694 0.9969317 2.690857e-15 0.07827694 0.9969317 6.979759e-15 0.144655 0.9894821 6.979759e-15 0.144655 0.9894821 6.979759e-15 0.144655 0.9894821 6.979759e-15 0.144655 0.9894821 6.979759e-15 0.144655 0.9894821 1.44539e-14 0.2270166 0.9738909 1.44539e-14 0.2270166 0.9738909 1.44539e-14 0.2270166 0.9738909 1.44539e-14 0.2270166 0.9738909 3.847398e-14 0.5466443 0.8373649 3.847398e-14 0.5466443 0.8373649 3.847398e-14 0.5466443 0.8373649 3.847398e-14 0.5466443 0.8373649 8.728698e-14 0.7636323 0.6456514 8.728698e-14 0.7636323 0.6456514 8.728698e-14 0.7636323 0.6456514 8.728698e-14 0.7636323 0.6456514 8.098078e-14 0.5415138 -0.8406919 8.098078e-14 0.5415138 -0.8406919 8.098078e-14 0.5415138 -0.8406919 8.098078e-14 0.5415138 -0.8406919 -2.635961e-14 0.114525 -0.9934204 -2.635961e-14 0.114525 -0.9934204 -2.635961e-14 0.114525 -0.9934204 -2.635961e-14 0.114525 -0.9934204 -1.333375e-14 0.0661214 -0.9978116 -1.333375e-14 0.0661214 -0.9978116 -1.333375e-14 0.0661214 -0.9978116 -1.333375e-14 0.0661214 -0.9978116 -8.14443e-16 0.04020303 -0.9991915 -8.14443e-16 0.04020303 -0.9991915 -8.14443e-16 0.04020303 -0.9991915 -8.14443e-16 0.04020303 -0.9991915 -1.825056e-16 0.0268695 -0.9996389 -1.825056e-16 0.0268695 -0.9996389 -1.825056e-16 0.0268695 -0.9996389 -1.825056e-16 0.0268695 -0.9996389 -1.825056e-16 0.0268695 -0.9996389 -1.825056e-16 0.0268695 -0.9996389 0.9995966 0.02839975 1.944543e-15 0.9995966 0.02839975 1.944543e-15 0.9995966 0.02839975 1.944543e-15 0.9995966 0.02839975 1.944543e-15 0.9995966 0.02839975 1.944543e-15 0.9995966 0.02839975 1.944543e-15 0.9995966 0.02839975 1.944543e-15 0.9995966 0.02839975 1.944543e-15 3.761824e-14 0.02792475 0.99961 3.761824e-14 0.02792475 0.99961 3.761824e-14 0.02792475 0.99961 -5.765079e-16 0.01395591 -0.9999026 -5.765079e-16 0.01395591 -0.9999026 -5.765079e-16 0.01395591 -0.9999026 -5.765079e-16 0.01395591 -0.9999026 -5.765079e-16 0.01395591 -0.9999026 -5.765079e-16 0.01395591 -0.9999026 -0.9995966 0.02839975 -1.65475e-11 -0.9995966 0.02839975 -1.65475e-11 -0.9995966 0.02839975 -1.65475e-11 -1.050138e-15 -0.006379192 -0.9999797 -1.050138e-15 -0.006379192 -0.9999797 -1.050138e-15 -0.006379192 -0.9999797 -1.050138e-15 -0.006379192 -0.9999797 -1.050138e-15 -0.006379192 -0.9999797 -1.050138e-15 -0.006379192 -0.9999797 -1.050138e-15 -0.006379192 -0.9999797 -1.050138e-15 -0.006379192 -0.9999797 -0.9995966 0.02839975 0 -0.9995966 0.02839975 0 -0.9995966 0.02839975 0 -0.9998701 -0.01611815 -1.093623e-14 -0.9998701 -0.01611815 -1.093623e-14 -0.9998701 -0.01611815 -1.093623e-14 -0.9998701 -0.01611815 -1.093623e-14 -0.9998701 -0.01611815 -1.093623e-14 -0.9998701 -0.01611815 -1.093623e-14 -0.9998701 -0.01611815 -1.093623e-14 -0.9995966 0.02839975 3.895399e-13 -0.9995966 0.02839975 3.895399e-13 -0.9995966 0.02839975 3.895399e-13 -0.9995966 0.02839975 4.634474e-13 -0.9995966 0.02839975 4.634474e-13 -0.9995966 0.02839975 4.634474e-13 -6.038707e-14 0.02792475 0.99961 -6.038707e-14 0.02792475 0.99961 -6.038707e-14 0.02792475 0.99961 1.235164e-15 0.02792475 0.99961 1.235164e-15 0.02792475 0.99961 1.235164e-15 0.02792475 0.99961 1.235164e-15 0.02792475 0.99961 1.235164e-15 0.02792475 0.99961 1.235164e-15 0.02792475 0.99961 0.9995966 0.02839975 3.278199e-14 0.9995966 0.02839975 3.278199e-14 0.9995966 0.02839975 3.278199e-14 0.9995966 0.02839975 3.361725e-14 0.9995966 0.02839975 3.361725e-14 0.9995966 0.02839975 3.361725e-14 0.9998701 -0.01611815 4.173629e-16 0.9998701 -0.01611815 4.173629e-16 0.9998701 -0.01611815 4.173629e-16 0.9998701 -0.01611815 4.173629e-16 0.9998701 -0.01611815 4.173629e-16 0.9998701 -0.01611815 4.173629e-16 0.9998701 -0.01611815 4.173629e-16 0.9995966 0.02839975 -5.788951e-16 0.9995966 0.02839975 -5.788951e-16 0.9995966 0.02839975 -5.788951e-16 0.9995966 0.02839975 1.300288e-12 0.9995966 0.02839975 1.300288e-12 0.9995966 0.02839975 1.300288e-12 3.623224e-14 0.02792475 0.99961 3.623224e-14 0.02792475 0.99961 3.623224e-14 0.02792475 0.99961 -8.569508e-16 -0.003838634 -0.9999926 -8.569508e-16 -0.003838634 -0.9999926 -8.569508e-16 -0.003838634 -0.9999926 -8.569508e-16 -0.003838634 -0.9999926 -0.9996012 -0.02823892 -1.646241e-14 -0.9996012 -0.02823892 -1.646241e-14 -0.9996012 -0.02823892 -1.646241e-14 -0.9996012 -0.02823892 -1.646241e-14 -0.9996012 -0.02823892 -1.646241e-14 -0.9996012 -0.02823892 -1.646241e-14 -0.9996012 -0.02823892 -1.646241e-14 -0.9996012 -0.02823892 -1.646241e-14 -0.9996012 -0.02823892 -1.646241e-14 -0.9996012 -0.02823892 -1.646241e-14 -0.9996012 -0.02823892 -1.646241e-14 -0.9996012 -0.02823892 -1.646241e-14 -0.9996012 -0.02823892 -1.646241e-14 -0.9996012 -0.02823892 -1.646241e-14 -0.9996012 -0.02823892 -1.646241e-14 -0.9996012 -0.02823892 -1.646241e-14 -0.9996012 -0.02823892 -1.646241e-14 -0.9996012 -0.02823892 -1.646241e-14 1.404977e-16 -0.01773368 0.9998427 1.404977e-16 -0.01773368 0.9998427 1.404977e-16 -0.01773368 0.9998427 1.404977e-16 -0.01773368 0.9998427 1.404977e-16 -0.01773368 0.9998427 1.404977e-16 -0.01773368 0.9998427 1.359973e-16 -9.080652e-17 1 1.359973e-16 -9.080652e-17 1 1.359973e-16 -9.080652e-17 1 1.359973e-16 -9.080652e-17 1 1.359973e-16 -9.080652e-17 1 1.359973e-16 -9.080652e-17 1 -8.677355e-16 -0.0204281 -0.9997913 -8.677355e-16 -0.0204281 -0.9997913 -8.677355e-16 -0.0204281 -0.9997913 -8.677355e-16 -0.0204281 -0.9997913 -8.677355e-16 -0.0204281 -0.9997913 -8.677355e-16 -0.0204281 -0.9997913 0.9996012 -0.02823892 -1.042585e-17 0.9996012 -0.02823892 -1.042585e-17 0.9996012 -0.02823892 -1.042585e-17 0.9996012 -0.02823892 -1.042585e-17 0.9996012 -0.02823892 -1.042585e-17 0.9996012 -0.02823892 -1.042585e-17 0.9996012 -0.02823892 -1.042585e-17 0.9996012 -0.02823892 -1.042585e-17 0.9996012 -0.02823892 -1.042585e-17 0.9996012 -0.02823892 -1.042585e-17 0.9996012 -0.02823892 -1.042585e-17 0.9996012 -0.02823892 -1.042585e-17 0.9996012 -0.02823892 -1.042585e-17 0.9996012 -0.02823892 -1.042585e-17 0.9996012 -0.02823892 -1.042585e-17 0.9996012 -0.02823892 -1.042585e-17 0.9996012 -0.02823892 -1.042585e-17 0.9996012 -0.02823892 -1.042585e-17 -9.346929e-16 -0.03670743 -0.9993261 -9.346929e-16 -0.03670743 -0.9993261 -9.346929e-16 -0.03670743 -0.9993261 -9.346929e-16 -0.03670743 -0.9993261 -1.979952e-15 -0.04260645 -0.9990919 -1.979952e-15 -0.04260645 -0.9990919 -1.979952e-15 -0.04260645 -0.9990919 -1.979952e-15 -0.04260645 -0.9990919 -3.086039e-15 -0.07582004 -0.9971215 -3.086039e-15 -0.07582004 -0.9971215 -3.086039e-15 -0.07582004 -0.9971215 -3.086039e-15 -0.07582004 -0.9971215 -9.902399e-16 -0.9574811 -0.2884959 -9.902399e-16 -0.9574811 -0.2884959 -9.902399e-16 -0.9574811 -0.2884959 -9.902399e-16 -0.9574811 -0.2884959 -9.496857e-15 -1 1.484953e-27 -9.496857e-15 -1 1.484953e-27 -9.496857e-15 -1 1.484953e-27 -9.496857e-15 -1 1.484953e-27 1.49255e-16 -0.4554491 0.8902618 1.49255e-16 -0.4554491 0.8902618 1.49255e-16 -0.4554491 0.8902618 1.49255e-16 -0.4554491 0.8902618 1.470011e-15 -0.242198 0.9702268 1.470011e-15 -0.242198 0.9702268 1.470011e-15 -0.242198 0.9702268 1.470011e-15 -0.242198 0.9702268 2.701831e-16 -0.3042822 0.9525819 2.701831e-16 -0.3042822 0.9525819 2.701831e-16 -0.3042822 0.9525819 2.701831e-16 -0.3042822 0.9525819 1.683984e-18 -0.8179518 0.5752868 1.683984e-18 -0.8179518 0.5752868 1.683984e-18 -0.8179518 0.5752868 1.683984e-18 -0.8179518 0.5752868 0 -1 0 0 -1 0 0 -1 0 0 -1 0 1.513914e-18 -0.8058899 -0.5920655 1.513914e-18 -0.8058899 -0.5920655 1.513914e-18 -0.8058899 -0.5920655 1.513914e-18 -0.8058899 -0.5920655 -1.128619e-16 -0.5887088 -0.8083452 -1.128619e-16 -0.5887088 -0.8083452 -1.128619e-16 -0.5887088 -0.8083452 -1.128619e-16 -0.5887088 -0.8083452 0 -1 0 0 -1 0 0 -1 0 0 -1 0 7.643934e-29 -6.684789e-43 1 7.643934e-29 -6.684789e-43 1 7.643934e-29 -6.684789e-43 1 7.643934e-29 -6.684789e-43 1 1.329238e-16 -1.061634e-16 1 1.329238e-16 -1.061634e-16 1 1.329238e-16 -1.061634e-16 1 1.329238e-16 -1.061634e-16 1</float_array>
                    <technique_common>
                        <accessor count="296" source="#ID78" stride="3">
                            <param name="X" type="float" />
                            <param name="Y" type="float" />
                            <param name="Z" type="float" />
                        </accessor>
                    </technique_common>
                </source>
                <vertices id="ID76">
                    <input semantic="POSITION" source="#ID74" />
                    <input semantic="NORMAL" source="#ID75" />
                </vertices>
                <triangles count="184" material="Material2">
                    <input offset="0" semantic="VERTEX" source="#ID76" />
                    <p>0 1 2 1 0 3 4 5 6 5 4 7 7 4 8 7 8 9 9 8 10 9 10 11 9 11 12 12 11 13 12 13 14 12 14 15 12 15 16 16 15 17 16 17 18 18 17 19 20 21 22 21 20 23 24 25 26 25 24 27 27 24 28 28 24 29 28 29 30 30 29 31 31 29 32 31 32 33 33 32 34 34 32 35 35 32 36 35 36 37 37 36 38 37 38 39 40 41 42 41 40 43 44 45 46 45 44 47 47 44 48 48 44 49 49 44 50 49 50 51 52 53 54 55 56 57 56 55 58 59 60 61 60 59 62 62 59 63 64 65 66 65 64 67 67 64 68 69 70 71 70 69 72 73 74 75 74 73 76 77 78 79 78 77 80 81 82 83 82 81 84 85 86 87 86 85 88 89 90 91 90 89 92 93 94 95 94 93 96 97 98 99 98 97 100 98 100 101 98 101 102 103 104 105 104 103 106 106 103 107 106 107 108 106 108 109 109 108 110 111 112 113 114 115 116 115 114 117 115 117 118 118 117 119 120 121 122 123 124 125 124 123 126 126 123 127 126 127 128 126 128 129 126 129 130 131 132 133 134 135 136 135 134 137 137 134 138 138 134 139 138 139 140 141 142 143 144 145 146 147 148 149 150 151 152 151 150 153 153 150 154 153 154 155 156 157 158 159 160 161 162 163 164 163 162 165 165 162 166 165 166 167 167 166 168 169 170 171 172 173 174 175 176 177 178 179 180 179 178 181 182 183 184 183 182 185 185 182 186 186 182 187 188 189 190 189 188 191 191 188 192 192 188 193 192 193 194 192 194 187 192 187 182 192 182 195 192 195 196 196 195 197 197 195 198 197 198 199 200 201 202 201 200 203 201 203 204 201 204 205 206 207 208 207 206 209 207 209 210 210 209 211 212 213 214 213 212 215 215 212 216 216 212 217 218 219 220 219 218 221 221 218 222 221 222 223 223 222 224 224 222 225 225 222 226 226 222 227 227 222 228 228 222 229 228 229 230 228 230 231 231 230 232 233 234 235 234 233 227 227 233 226 236 237 238 237 236 239 240 241 242 241 240 243 244 245 246 245 244 247 248 249 250 249 248 251 252 253 254 253 252 255 256 257 258 257 256 259 260 261 262 261 260 263 264 265 266 265 264 267 268 269 270 269 268 271 272 273 274 273 272 275 276 277 278 277 276 279 280 281 282 281 280 283 284 285 286 285 284 287 288 289 290 289 288 291 292 293 294 293 292 295</p>
                </triangles>
            </mesh>
        </geometry>
        <geometry id="ID79">
            <mesh>
                <source id="ID80">
                    <float_array id="ID82" count="9">18.58392 554.6103 41.56632 18.58392 554.3037 41.59034 18.58392 554.3735 41.58014</float_array>
                    <technique_common>
                        <accessor count="3" source="#ID82" stride="3">
                            <param name="X" type="float" />
                            <param name="Y" type="float" />
                            <param name="Z" type="float" />
                        </accessor>
                    </technique_common>
                </source>
                <vertices id="ID81">
                    <input semantic="POSITION" source="#ID80" />
                </vertices>
                <lines count="2" material="Material2">
                    <input offset="0" semantic="VERTEX" source="#ID81" />
                    <p>1 0 2 1</p>
                </lines>
            </mesh>
        </geometry>
    </library_geometries>
    <library_materials>
        <material id="ID9" name="material">
            <instance_effect url="#ID8" />
        </material>
        <material id="ID41" name="edge_color000255">
            <instance_effect url="#ID42" />
        </material>
    </library_materials>
    <library_effects>
        <effect id="ID8">
            <profile_COMMON>
                <technique sid="COMMON">
                    <lambert>
                        <diffuse>
                            <color>1 1 1 1</color>
                        </diffuse>
                    </lambert>
                </technique>
            </profile_COMMON>
        </effect>
        <effect id="ID42">
            <profile_COMMON>
                <technique sid="COMMON">
                    <constant>
                        <transparent opaque="A_ONE">
                            <color>0 0 0 1</color>
                        </transparent>
                        <transparency>
                            <float>1</float>
                        </transparency>
                    </constant>
                </technique>
            </profile_COMMON>
        </effect>
    </library_effects>
    <scene>
        <instance_visual_scene url="#ID2" />
    </scene>
</COLLADA>
